arroyojulie811387566,0x7E077d67092d53122A9f1F6DB64485dfBaf1d0EA
zmorris174803206,0x06078852Bbb83fbe5fd37628fc0C002b4D379518
marshallangela20801565,0x5fA92D8821dCfb84f8a8Df2746F73c783574B54F
fgross832815879,0x7cc8295fdCe6dbf4672111108add21D8385bbede
tjordan662896049,0x33219DbbFe3fB1Ba890aB87385d4BD5c9CD176Fa
loricole886599584,0xEB20A47f80a26D357AF075A9eb706cf4Cd00268F
paul27408632020,0x06FFE0644a652Cb251146e2e15B8CcF8cd1EBE24
fgross863779741,0x5197264964Dba5668701125ab2311E1117A79254
brooke96969406660,0xC767c35cc3E94b12c99482e2dc6587dfF516fABC
ann91954104642,0x2d203bc352dA36692ed5301a54d56AC8B1de9e6F
johnpatterson521130155,0x30F8f359A8fC3e6985D8Be589000516309fB1942
fgross106543684,0xe52d5935aC20F59A00CA3670205f9F197F6c167a
amanda7727676310,0xb7D52D019a31Ef34ECFE34963f9Af2Be5Ebf2253
ann91716178850,0xCa0E35c8A988924324C600A6856E83a5Cc748Bc6
bryanrogers561936295,0x723acD1EFBAfab32Cd6d35FbEf6A3b27aF0aba7e
zroberson89859717,0x17C47F0640B222918E4Ab701Cf0750c6E6f591CC
bryanrogers179427797,0x24E9cf44bC1D9c1F8614A2cEEf54C62896E221Ee
garciajeffrey967847714,0x823faA315785725A6aaC483f05aC14aD26661CC2
westedward166904573,0x633D180cF43b8b5b27c3C617C120b6cD14EA26f4
graybrian116402186,0xFE0CCf259C39816e90E6A11e3e380b2CeaA1e1eF
cranemichael392677643,0xafa08bceb34579909c8378AEA41A6826Fc05De84
cranemichael731251770,0x67f2e74FdF117a1b94B1C7f0E1c70f043a02309F
tjordan535077437,0xb421351f813a7CdC8A64Ad19799b306DBCd5DA9B
johnsonwendy969012959,0x56e08F353101CeDE4B02A92467312d881E449D2D
hburke59126203,0x9141a0A03b3CDD2879e8A47c31a6144C2960a8Be
zmorris852815873,0xBAa2510f5c6Bc3e6Fd41eb9c13E070E33809B176
james03163951680,0x309D22baaf2329EE1D86fc164587B21B23788CA8
brianhale206027880,0x5D4e20C7b244f1fe3a49F46D4c61eB84E53010aa
amanda77729434308,0x278a215B22904C7BaC5097451A9D2bd3Dbe20E34
karenfisher207872678,0xAE961a5893b30a5f4A4840fb25a6253E6b8FfB16
zroberson10447377,0xDD6887D726576C797d29BB433F363d3eC860Dc7A
stanleyadam841116802,0x113A44f344E4E1b324E4955784bAAc498B1e0b3F
prestonpam301137117,0x9E2050ef96fD635433619BCB55BB66BdF1942f5A
westedward434962042,0x101ed3092d5741e0C8509683C6b49804B8287e02
allenweiss119707968,0x2073fF390a5eC208E9CdE1969791eAC6F75965b1
horneroberto61118946,0x0BF860864906bEDF2540ebA54dcB3f4B33566aF8
amanda77588652968,0x42993ceaD5565Ce7B6642d572A3CdCd84A352488
graybrian829227846,0x1Ca41C2F4c00ad13AafCAcf87a1fACe13E5d69ed
marshallangela286282222,0x7773163EE3792B95B2170A887dfb086750f2f831
graybrian623578935,0x28922D26BF7688A5C7Dfab9099b89328497F79D0
horneroberto491328000,0x5Bb04Eca390cae6Bb0D448D0fBe410395e64f889
weaverkayla551614816,0xfCA904F8bb09751825B679C0e322e84eaa9e1529
arroyojulie211954414,0xAe97C27ba7B68a9f407aE03Fabebfb33E1Aa98D0
tjordan15480188,0xA871Ec28635207191FB7e055642bf06B76a64E26
stacey40145007605,0x3eC09264B63dea47BFbAAc3821E165528427a1b5
tjordan507745923,0xE4797ea96a984fb1384DeA6D61dcdB5644F57556
jbaird554386547,0x2F1f56Ec31E1dC80462f7a517BF44Ce3DDE11EcC
angelochoa712292055,0xAA166Ed748689F55693fB86808F75D1Aa7c3417D
jbaird293533246,0x3c1AEC699eF35E5Cc1398d2b27d41eDfB300F640
paul27995117294,0x6FB5411a12f0f65986e7fc262B0beB8a9e5b3BF1
cohenjorge823844413,0x30D64eea09fBCBBfF6b5f15f5FAAfaDF265dD868
xmorales910395634,0xE7314b76a4aed5689D8Cb72c82eCE1b47CE43e55
jamesmora665169014,0xFc38cb1947B58Ec032108e23438BDeC068212B56
ann9178188188,0x0FbD24F3560705ed731dc9a69c881Fd1dF6cC93E
arroyojulie366453877,0x657954D1c5a93baF732b850e38225897260096ea
prestonpam116102839,0x08bd9c1B78B290C16c6F34f81C5C4C5A18D12aAE
bonnieanderson728620957,0xf0041D1a9F89Fe6b2258D7865DDa3a77917c2193
bonnieanderson785081138,0xED2F3A7e6bd6506076A752ed472a1566b0ba8fcd
hburke161942290,0x3AA346cACB523d78f5D910FE5f1337D80ED3A4cA
stephanielong152503480,0x9C2989A09754460E58E301C0f1b165EF5305705c
horneroberto575473702,0x88389395e9673dBD5270a5b0C86Cf79d61FE3263
stacey4046373881,0xe3DEb14acB7d47a7Aa467719aF468b1482f30B1A
graybrian565654852,0xa9402ffC05db6bC3b2b84BcEe3aDcBC158c970ac
cranemichael238758645,0x5688434c272Aaa00b663B2EED0fcb485C635bcca
marshallangela644081756,0x0034281fc3230845d12eb254DD3322f246999fCf
stanleyadam688202232,0xF76b1aeA79f6A41cF1E722b0d0290b3de2E28DD4
amandahernandez117528563,0xE27066f8824352c7292AE02e12b6703d9A7d2ab9
westedward928190087,0xCBAd7BD33B69d9601f0D262A768d0E456E9D8a16
rspears330701024,0xd43D94E6276927C88a093Dcd2dEad3b88160967b
stacie0222964373,0xee2d7427de4B557d09b09557672EE4c4AA3e6752
stacey40670926253,0xC93Df13Deca25cE460DF0dD357582699Dafa0cFf
loricole182144603,0x681f3A237C2C4268EF68D4eA69770E3A3d475532
mward954975231,0xda6E6a5d95c1C953015bDcd4551791E6DE8E255d
juliegonzalez787211593,0x1971d19FA852D1Db368F7dd7D82fbc0c93b6b487
robinsonvicki386056438,0xA7e187E799516AAa2B38657787c1f4841e997446
sarah90659575604,0x44e4C08e688A088B01234Ddf52336296a5Ee972a
garciajeffrey551319702,0x2136eC4976150940D794Af7f6B14E48065D8CAcb
waynewall927284608,0xd146e6C6A129c3fFeb7b485979769491e2020aA5
stephanielong863029083,0x8eb57cF12C3a4Fa74bB79039e0d55958aB35EdD2
raymond19697571251,0xa27834373526bBB3381B9D599CE03E5A759eBB3d
westedward351211285,0x104A1c1cbF142F5306cA5bDCfBA6F082d0925eB3
bonnieanderson235522309,0x9F2de573B4f8F5F9a15F886f19B69A8f97C328a4
rmedina568907446,0xF1DB005229c60c097F8E675826F135f802922daF
amanda77289513800,0xc095c7Ec7eE9233649094717f4AB8f954F4AE839
rspears658448684,0xBb0d43ba614f33050CEdc7622481d52c04a61189
raymond19208263830,0xdD86b85d0bffe60430f91ceCE184e3dD0ed6863b
bonnieanderson86829286,0x300b944F60C810686Ff44884bacA8bF8AFc0A431
shawnhoover9133171,0x1FE9516C4568E2A60244C436717F28204af2345f
dmiller995329453,0x1Cc18DEC827C12549fe66a7099e0580d35E13bD0
rmedina3758298,0x8aa1502aBcfCf3e31b7e7C21bF35302eacdae1be
reginald77495843788,0x9bF6b14E876B3564E94738Fe65Ef9c9D8d3e364e
brianhale573319759,0x30d33CBE8C564dD6139C36cB141BA04d4a049071
lawrencesusan249202432,0x5bEf9dd336701ADBdbEf1fc64e60C9D7996929C5
allenweiss155063976,0x5de25626dC9389fB4a29e5Ff23Db61198aDdC2a2
rspears271548047,0xA57dc182d42BD694cf1662A67323A0e3c8e10d9b
ufischer628384681,0x927461A0b514f403F053CdBE6E6E95771a08D449
jamesmora238377767,0xef8e2637ADf1Bb3B01cF0890b937577fd8587287
gordonjordan592183664,0x3BAb7646407A046fe5E6a6965F34B1650744c699
mward225102090,0x2fB3a8349d586Ee56685D99F3cc6A781cEE0292B
raymond1992817801,0x10b7fDB16dab948075C617138C1fEEBC5027ed2E
cohenjorge118216239,0xaB3aFa87c2539c457671aA8F2895e89591D6910C
horneroberto94946856,0x814b8d0cFC9996Bc0aCc8B1eE27F38F9671c92f5
kristin43706990280,0xbC0097e3AcB576411FaCfFD6409Ba87DfCe0c9a1
mward421973749,0x46F5E01530f651807c5a3Dee5076C33957F61104
rspears220710975,0x0779666D0e616586DD78Ea3232b0f588fDB8B3eE
wrightmark697899448,0xd7145f6B322407F70474575594337B38112aB06D
jbaird959038710,0x39A36A8e3915e8a057834cEb738E9086C4CfB31A
xmorales54790700,0xf26f6b775ab40d10F0e68bCbF44F9EA110c898Fc
bryanrogers700341364,0x48a9765f88998D4dd843355b0383fE55d30ED457
stanleyadam38171258,0x41De74fe5622962A1A39E058185ba9310Ec2533A
zroberson541811401,0x41369e61C08153dfc62D40D2B304e7CB2cF97E6f
brooke96218743932,0x55C58895b962D1105cf963502E8ecdf44F149bfB
zroberson779273491,0x1C4f1e5080322c88C91F35b6Ec29E415a90DCd98
arroyojulie292368668,0x347FedceCd32601a41F0847F6BC35b8f50aAABF5
fgross185094661,0x14b71f3838bD35dc013cEFC6023370222c601745
karenfisher503194294,0xA0687913c7A6cCd28b03b37A49A7d3e793748A16
dmiller813443970,0xF831ceaab61390a14b32f76029c8A7cE16954294
prestonpam258287713,0xfA0D2d1f1ea8d1a4199ba367BD3D8891CD4D390a
smithandrea55332651,0xb7A08a0D9F4C0A98Ac7BbeFdAc73839EF203CE02
cohenjorge664170761,0xAD923Ff37AF7630099EeEfAC600CBEDA6FdAf726
amanda77719722991,0x5F461D83FEE757A6aF34D58De57D70457bBc7713
rmedina985882306,0x24318a8D691dBb6E4D1Cb187EDBDee54cE5BFB5F
christopherguerrero808457494,0xaa3fbEA226f45aBafcd5Bc6967b12C08C6571b96
amanda33542377053,0xBe1DCb4d2322d0eBA8c180faB4dA2235a5728534
stacey40458790071,0xacaC009D9D2ABABdA6E9c96d47cBdB73bE0859B0
marshallangela641859036,0x18A929ed0a1cafe178483A56C4cB39793981Ec35
cynthiakirk61707286,0x7B8ADF9697a9DF750E667bfD72fE471bA65db5ec
kristin43719756162,0x12AAee0CD3B1819f2F6d74dA3bE3CA25a0239Ac6
ann9147875277,0x5ADb19aD5BEb209c3A4B5F2790DEd54032e8d2db
angelochoa901801423,0x492Ef34D125Ea7948d3cceB2425c52467bCB99d0
paul27399514192,0x56d12B8f349C791764a8B3Bc05CbEb3fa2283fdC
xmorales656589963,0x5dc9f1589Cd7B08ac120cb8Dd79F0332dE531932
horneroberto437476195,0xdd1d954Fc935a987c3539fBdBe4036eB9bBdFE61
hburke572047220,0xb615a50FadA803beA685d874E2a0F97f1bD70A19
weaverkayla439618767,0x4bDDD9A1526d20C4278738e30e665acd96393BDF
bryanrogers724794974,0x295E801B70C499e699985a5456622426ddCA9773
bryanrogers275704025,0x1419Cf55Db2dFCeCe0C07b8BEd9ef4Da59d1F91F
rmedina140543231,0x12f8402bC523dCc6692c52656a4D3b6Ec4202f4c
ufischer915586201,0x592130825398B4Db9262e23059A9433b1c543B57
graybrian953436642,0xf253854f0b02FbF1B2CCD5aFCC3bA2F711E29366
angelochoa666160995,0xA2231AB106527FF7102eFbb65dA6734A606Cf24C
gordonjordan163998716,0x4689EcCBD6cEe073dCD020d0Ebc185BD7f1A7E70
ann91211672737,0xeD22b7Ac35dF6203EF332F1a202ae430F85b9524
zsmith118658047,0xE51d6F0eb0eAB47108902D7A4f585ECa25C42E23
debraedwards220888665,0x7A27b35353256Bd1695966023672Bd3DF53b6713
walkercarol912723514,0x6835252d6503996F6CD2E43765e611301a9aad78
shawnhoover677155226,0xc7bADecb76509C80679cB1398Bd05b2C5CE64808
waynewall493179052,0x0E4e15eB9Fe1ea3BB0f0c2cB7706533B8285FdB5
lawrencesusan608284453,0x6D844Ca149e8a03EC9cAcb8E67628eb41AA4a2B1
amanda33333354955,0x3307D9C21c5D28f5586BB77b8222f16fCB75c962
lawrencesusan574856188,0xEbB1E839fbf3d7D7A82c2A8A3862d8F1D3Bb866f
dmiller671807634,0xb0D04ceA4FB6528805EE13FF77FfF1Ae5E33999b
dmiller617283074,0xa9CaAd73D49655D7EA0E347E3cD784388b23B242
cruzjulie97830762,0x6A1Baa7b4a74CfcfA0D3e9ad6E1c9E93408C526D
stacie02742551387,0x9c0315C7c8C53a045F0C7768269770A02f04a772
angelochoa116450845,0x5CA11D9D209665F18440842b188d89b9c07F0f8b
ehiggins115893055,0xF7CefEb792CB2E4318f7dffe6A810245D294299b
shawnhoover571778953,0x79f3312933d1FB6c1Cc746fEdC2c54bD151308d6
robertalexander770473975,0xe1643B33E1fdB2BF65A966AD23cDc6c034bEBE6D
gordonjordan973108635,0x301e633c0c5E6d6664043301c8e5120032b81ac1
mward361333977,0xf243aF5fAD8cA9673BA4D94d89E69b8886F8D5e7
gordonjordan668266485,0xCEdf608B471262410DB5bdE119A8590f145C1153
kristin43736365943,0x1BE960FBD863013927cb8B556a3A289ea1E8aBCd
loricole664965297,0x4475A2447457a5B3BD9b31DB888a56d841EC7179
brooke96150523515,0x52671fFc690CA2211E4fD8317393d62F5452e2d6
allenweiss922026139,0x3c52A382eFbf69EC1Edb0b8d31Ae7fE7777d6574
jbaird47478388,0x7df081bEE402363f5B1d8270D782d72eEDd26CC2
fcunningham982043890,0x7B0529311B6D51271ee40094b8F6D81889517698
dmiller785517646,0xE78BDb090817919D190726eb49D67ba236c6E252
stephanielong602003957,0xE845F0589bb86601718756af681e76a8BEB357D9
mward76974438,0x92B82CE341896C9d66a65Df1fC03C82d973CeA21
amandahernandez803612992,0x26C1B123463205444A25607b489B1C0378fD2d4B
samuel93896870923,0x64929E5a04C138d75C05FA1185106B098d4a84D9
rmedina462715197,0x81413D3Da927067cF57cC955bdf94852AbC252bF
jrios162104094,0x9Ab9f23e2807b4C6F7eE5e24cbB1A2447787AD39
brooke9619440942,0xE93201DA98E7328EA6781faC1C240C9D1BC8eaa9
aromero169982890,0x5Ad1E759759c476e0f6C518d187BEF4Ae20F0Cf2
cohenjorge204932961,0x63d21c698aD8e52cFb902984E3067b1e1B3a3e90
stacie02913912505,0xEc11F85950eA416bb987e666a0F6Eb541cC23b66
christopherguerrero270851782,0x6d943eCB8a034EF3F06330eE2D609097b49b6452
debraedwards329999783,0xc294707B523ee2F13d4f2AD45e7B65CC3732a4Db
zmorris272920840,0x657ab77C33EA59441Ae55bB65a4B139B1e057d45
waynewall752758368,0xb495beb47d8ec66f1E8ca2f602b1EEf8b3712591
rspears949208416,0x37CeBB4010156e236A4e9f53AA42Bc5b890A19Cc
stephanielong272532677,0xA43C229c012852482F5Fa36C214187Ed941138d2
bonnieanderson143385622,0x20461a1305CF70d2E1E607cD76bd4c2A9f3eEba8
weaverkayla676843004,0x00072eD2687077833A8497D671f9caC9403FeF30
zmorris665607037,0x04f2c961e61a14a8380831c3F281Fc288b3762b6
spencerjoshua194974248,0x11AAa3D76570C9b500fB0f201c79446806dae2A2
graybrian635706275,0x985cB1e49B2897a0155BAc3E30DFA57299D5DE2E
erikberg409964293,0x8A2DBe0b3EFBf9eEbDC459904DBCA4E7bC69Dfd4
hburke886957026,0x67b0424697D0200751C61a694d7106406Ad741b7
wooddavid133223067,0xF642768F033F3476a91422c1353aDC431fBdfcda
debraedwards234727978,0x28Fa13F0111718BE5cCEA8EB1dd957CFfFbaa834
amandahernandez626443745,0x4e733EbDC1a1fECACc583a8Ecb2B1df723a81C60
amanda33487100070,0x4539acAE4C94c1400106509A2EC3B39db9b55c6f
jbaird232983344,0x0550fe67457002C3D4841dA2ae238dB91163C48B
amanda33681589123,0x80A4c59EC40Dc2823B9C516821Afda2b915dF40D
alanford422142630,0xe5a4B26986b7302E929D3d81AC5d4dA023d36966
smithandrea506703090,0x290c7dffa0F290E378767b36e76B33c699a0d66b
charleshuber665202380,0x603022D5AbB408fD334b0d6e31c78F7FE48c6461
waynewall409424128,0x5e6F18cefbf139CEAd1310c868ccf8cDD541E083
juliegonzalez56252804,0x4aAAfcf0A62891E510926991B0A0543C513907A4
karenfisher712429030,0x97052Ebec61b3D83aE92d56EFB0e07dfb470441D
rollinsaustin968719160,0x074F959Aa7Ba7e7986bb5D5b95955FCf1A31269D
debraedwards117792150,0xa2DFDe3Af35110e6a54494cB8B15dE305505C994
amber76764537287,0x68C7C9a3D4cd7555f72fd96E9ca5c2BF45E7d9e2
arroyojulie68321786,0x6775D9d5b850Aa3e6eA94af3578f63DbD04AAeF4
brianhale256579990,0xE1Aa37825f2De232fEb1Dd6667f80564759DAE2C
cheryl61295928138,0xfd00244AFf092fe69477bAFAF02735F7B643fC24
bryantashley632406526,0x4107dc170A38E8D233bAd033C09E638E47ed728e
christopherguerrero569021448,0x65bD29180472584750b41ca8FcCB893a2FE21aaC
stacie02203536313,0x0B8dfdeAE51a99BBD0174E991E3291D2a496954F
cranemichael212860042,0x2900cF1c3739333b3DFba1b5F00F476476453997
weaverkayla253279777,0x9F7E6375C56Db1fD6E46a21901B82c37953C6eb3
brooke96433629624,0x0Ea863f38344e9cAfB6337D3aa6DC2a7Ee7F4FCe
johnsonwendy185878556,0xb825166fa7A5220c351AaFEaF4B82e0FcE485CBE
wrightmark90434846,0x15FAd5A244383929A9E616D6FED870E8f4CCE36f
stacey14556801567,0x8Baa7353a55745Fc853323D5A52b9bbB01408eFc
bonnieanderson880800273,0x1a8097e3ecF4aEC77B7dD83920C64F59C5E393c5
spencerjoshua782754713,0x3D11e3984CC38c1D8d926f8fC1150f5d002DEf5C
stanleyadam772870705,0x75f6f40Ee1c9c170Fc7365dEBD7f0700E84928CA
bryantashley200449538,0x30a903765C5Fe0772AEAa9790728D826bBf2c7F2
loricole61756509,0x6287B4aDa66Cba47677B5365B3012e472abDc4F7
christopherguerrero102009622,0x6AA20bb7988E7F498bb7593940dCd8d04fe8902c
westedward205930165,0xe6872d17d986cf67342A4b42b7db6a3a5668D80c
garciajeffrey913273051,0x9Db8E95478596C12A8A7cdedA3220E30DB24e16E
raymond19298512773,0xe18162c1E8173387723C48233FBf65d6e5244568
robinsonvicki264593650,0x9094796e92ED2cDDe14686B0089f020A4FEd7DBc
walkercarol249077021,0x9Fe1223a1c92fd52859618a64D8d735C9E724AcC
ufischer372302530,0xd630675d012ad4D7bC64C588824cd2c8EF4Bb879
stacey4067788934,0x1Df3C965296eaf416EfACbcA1c3d28f6C24e9334
ehiggins770808717,0x11ccF398bfBB1dE2CB0719eb41eabF62479B55D6
brooke96737389575,0x90987B457cE579965D6dc08F723501Ae20183708
fcunningham68106154,0xc54FC196663e1320C583629A3D6914C68651B285
hburke235059184,0x215FA13886E30580e42Aa65605a4f5b0b052E340
psmith673324913,0x3BbEc58e31A8d0DF0aeD3CB6E61777e1915aC5A9
shawnhoover408132071,0x487Ecdd951B96594a917e457E3c36D04237BfcA6
horneroberto52297555,0x98A4A045D99626877A04a5EEF42DB733669EBC94
arroyojulie189295430,0xDfe907981dA7D47251A01d266C0B32e621308905
zmorris730185072,0x4a8074086F83306E33a9002ceA792Fb80d9bC137
zmorris220652872,0x5E7710E688854Da29403f692bc3E835eC7c51bf6
loricole279263629,0x7CfdB3E3bF2F79a3440414B912aE5BB041594596
sarah90154987691,0x50CacD44B1FD0157F40aFa3525bD19b40423c19F
psmith262391916,0x9F7E8cad701A2dE772a32B04bAE976218eA85F46
shawnhoover88784237,0x2892F164FFde87E7720530Ad94A4523011dc000C
ferrellrichard925975004,0x8F3fbFc956Cc14D0A726DCD7617EB0ce39DaCF14
karenfisher89998242,0x78f6cBbB67ED84153FD344fCcF9E985c964605d0
reginald77745802353,0x65aE276758233D5299408d60EA5C7A3E5bAC14c4
wrightmark340091622,0x5CC60F4050463F16ae7c496224c5F8061E9396EC
kristin43470420662,0x0b2412497501B7481a6ED29004Cf18134BdCad11
marshallangela641735631,0x9908A7770586FE9688751Dfde95793E4c8736D45
cruzjulie592872022,0xaDD27b259a18e011271bD0e9B77d9587Cc6e33A4
kristin43549663543,0x45E9fA6Bc47f78D06ff8904Fd1060594dc4E01eD
brianhale425239826,0x40DC59e041f6693d09f0DCCa05d9Ff407360A987
christopherguerrero893312401,0xe3AE43AdE88BF73EB28968Ea228504CfF71eaC80
allenweiss373632423,0x5fd55F54141f6b9650aD04249dCF86fBF7103Edc
james03360444166,0x53f090a9696bD267F6e2C36e9D75da9c535e7204
erikberg205519283,0xd1980bEe5682006768a3F92459054014Ea4e5045
juliegonzalez767859987,0xEDaBD387DEb89FF7014B2f140188aa7Cba85d561
raymond19453669841,0x5D653768B91C9890630F16568b697c273315978D
karenfisher918209928,0xdA05AA6BcA2bcbF30C7d5E4249Dd7e6003Cd6656
smithandrea258780164,0xBa1CAcE683770bD9d9343A0AF26Fe0614610e974
ferrellrichard407056346,0x5393DbB403852c7306a0B759751e4b6e1E242E32
gordonjordan485025370,0xB6C68a7B54bbCA0B8CD5A194981959b8892C3950
johnsonwendy835987739,0x9F1060e083d023012bb0d3bC76F8cC7df91b4721
charleshuber86675095,0x07e6Ef24d938e93d00f6B00dEbe4EF85E1B93e86
johnsonwendy973393649,0x7ED077A2a9aBED9d54053DAdEC43700625399773
robertalexander803254468,0x747292BFb77a094Caee39037dd52284aeCe7a66E
robbinspatricia348687999,0x188b89729eDca58d7086B65B598e298D462D5eBe
stacey14529297848,0x8f0F008dBCf84cb445A1EACec004F38Ac847956e
ufischer218518834,0x13b12d5857F03E9923676eB5eCC3efd019B194A9
nicholas62990890326,0xf71f6B580Ab93eC99fE8916e80cBB3fa192C18Cc
shane09825882701,0x4aa8aD66fF9dfB98228892Ce5a300c7F14C714d1
brownmaria383564722,0xCe56aC19b7Aee82760E57a91733c7973c9D1Bb25
wrightmark441793983,0x5DE3b573734D9AF29f003fA59fC0781d9346ce4d
allenweiss600563273,0xdE473C3C699C169E989845c622E829F5aF64F61f
stephanielong764266012,0x97616cFa11fa269b058015AFdC067BD4eAE8E09e
amandahernandez35711136,0xa4AaeFE109AE06d4c30e7539cf9313b802C688cb
robinsonvicki673891242,0x8a824cA719D10BD6150ebd8E2A0497d6afCbdd36
sarah9071109732,0x26ACa62d7D5c7426E3E4223C29565784Ce6C8Ef1
johnsonwendy600505940,0xd3DBfC4b521f69bB634E5b19C449F1B24d41bd81
zsmith937567781,0x02E6A5b25fef3BF4Adb6c6F50F7d26E2eA18b971
jamesmora867940772,0x5E679a4D007fD29160a6FC739D5006F89ef28a22
johnpatterson522829848,0x9aCA61c1143693E4eBf600e77A51B0FCA232ed05
lawrencesusan209425435,0x8F4f7CB2dd8b34F64179463F61391fF3d5465eCE
garciajeffrey28099852,0xCd96f60045f087c4F770F675bfD387a17E8e4F41
cynthiakirk12336498,0x71EE7a7BA4170b60152BA79Bfe127372F49909cE
kevin61774101052,0x15D4D6180938171C54e40ff7d37032594Fa3d891
reginald77322187467,0xEA16660b429596be81Ece99E70c543318FE7fF64
prestonpam909989742,0x4B5B0d14603d8c58c0c0675742f35E5d534e00a6
stacie02932844928,0x4822e97FBb9443C14CB57A1490260FE2f09c0170
allenweiss283311565,0x3A5903f0A5Df79538aD3b51569FB8547A00Ca7F0
weaverkayla58748980,0x3cfBAa533fd3Ff5b9Db9D6C333320F5B0945749F
angelochoa499875748,0xB3940783595ce4523ec9f01D2ed8469f0491ba70
xmorales904617158,0x867fff12F61166586f354cCfb209eEB9f9a05550
paul27350942501,0x05a00377a22e8F101B6e923aAE9f450F0e1c8Ef4
jamesmora153264128,0x0bf1eA69B65A533ADE2112c8b5d6798E6C083217
garciajeffrey721391926,0x23c78cD715102686fc4ACaF42d1d8f9bfB6185e9
brianhale51010328,0x711631136fe6Bf819E4fC3A8f927356270A71805
fcunningham179490302,0xC9B92cA7982dbb0a18f2081d4D7Efd4C3fC378d4
samuel93225870752,0x4B83f019bF0C9f58E2DF9C2415A23c8464B64cF9
amber76483263393,0xed53C4f65873AB2ea45D32092c9Ee9CfFb2Af5aB
robinsonvicki719212716,0x39eA4564545965181041D37745503d3b5dcB1200
shane09856670051,0x571A30B0D9ffA26Db7200cd2213F63171441C3B5
tjordan943154093,0x12963b2a19481A1332949091E0467428Ad6b3D39
wrightmark603589904,0x62e2E70Aaa7425FAEEd01650fB8F1a59DF7b27e8
johnsonwendy244019387,0xf4F2783382A23ca506Abe761f90eFB5Ad6Bdf7D5
amandahernandez711362801,0xbE5462995f2879FA65d25B949c5d810818233A6D
garciajeffrey490878413,0x23D1FBE1A298E3491A76b7845b4c4Ff3E832C718
ehiggins837554293,0xAD46624AF95D4fC82525cB00Ac5f97faa58825f4
reginald77941747087,0x64d5355c1E1813B92c1e3E5544534CF535693E33
fgross264802323,0x06bE32fFe8d57E14C312C03d4084A6C3dd796F5c
juliegonzalez372553027,0x5C553A69187237a4e3759a762658458aFCBd3CCD
johnpatterson359918592,0x8C41e9C91eeBe75184f1b8216A36A7cE56e92E4E
loricole841551156,0x741339E7eDCC94655B75141412dBc188eC06131c
weaverkayla212366416,0x8eC999f29ff3Ec644c7834b58Ea42AC530512F90
zmorris786094901,0x06Fe0D87C2D28840088405e515fba34F12c2CAeB
cruzjulie430930218,0x5DE0295126d2E93Cd7BBA6e8CFcbbd10846E744F
samuel93909153595,0xFD341C49bB210E88F9606985cfAd0701d257a174
sarah90981952869,0x262E271272f9ff12c2140ABcBe9DB88beB8B1D6A
aromero401840394,0xfd08a251275e82AC2866c3EB34ebF2079852cA8F
zsmith425192598,0x59d2fF8cC21B5232feE124cd4A0B7A59763c2626
amanda33517066682,0xdE8cC9e68aDeb4b4e6FFca5Cf69849D217F872C3
xfloyd788993857,0xC50B266F1D41B61CcD4763FADAdD75C5C5173247
reginald7786971640,0x3cee9b5175Ab0b1EF9256e9dE156f380c64EA1bf
cranemichael328415700,0x7079B8Bb4Cf2ED7213Aef4028ea2922E7F7C7Bf3
brianhale521270513,0x2899613cE78d327ca93b920c922530610f746C2d
ufischer24989517,0x3F73C21AB30000B1bf5C9c2d687B676138a1835e
loricole390204589,0x26535fea1B62330F9bEe71dEacB563202DAB738c
kevin61780433188,0xB9F8FCA68549B74456B50Fa4307ce5237793c8FF
cheryl61458528912,0x16D66e78d1524c020D430D3c7DD0B11102C8Eeb1
ferrellrichard720381323,0xe97FadaF7A5acf234275471fDC05f1d2205cd41b
stevenhansen320923321,0x8C8F4a4Fa2c695A3Ea3BE6Cae74C5976eC7c869C
ibrown451597899,0xA24f4Dc54B528D9be8181cb72ba73008db70D81A
robinsonvicki268262348,0x7Fa61972f73bc36254ba617a31B7ff2626bE39c6
smithandrea92862824,0xC999D1D82E8CDf0c3f783ccEB25f88aCD29B760f
jennifer39382078999,0xf2Efe2E6987352649ef3d3E866a5c2Cf3C0aa77b
wellsjennifer900672544,0xb2911726B9C327B7227b7c0EA127ffbAD80cAa7c
kristin43604611645,0xFf27bd4E790F6C0C058E5C2Df3f50211bDC091F6
erikberg411995377,0xb74485FDc70Caa6b5Bd939a76C9BA995f3fb3Eda
johnpatterson108344027,0x12Defb1D77A544455917E62dEC79A37a0AF0fd3d
zroberson828010692,0xeAE16E9D8fcC0989BF78718A118C7Db6aaf26CB4
walkercarol235650004,0x6725B968666fC8aC7f1672688FC56d3acb20A9A3
kristinablackburn857676627,0xEe96cda8C5Ddaf78Ab7505846Fff3E9A533a7302
cynthiakirk594912297,0x1F9b87AD6578b3aE224166Dca384b7cc8329da53
jennifer39444737212,0x2946868BC660ea95F7a2d0be97A21b4f76c1B52E
schneidercynthia741571684,0x6D7E37f6E5D4691B892f5a890e20339a215a5181
nicholas62603496832,0x582117388D036667E7B1537bA04D05333C37a305
cameronamanda13269296,0x9b56e08b0043259631B002BBb7F89cfe5551F2ff
james03269050531,0x297BdcE7F7ffBf2b7BBD1f1888f4753E1E16384C
jrios787904001,0x1A39c6Dd1DD3760cFB0da31D1aB1d49950c89001
lisapena597417103,0x3e1B2B0b13820668b0f2120fC96294B2c3917259
sarah90509064192,0xbDfc76ece560374ed08117325C5de8dF9Ef9F2e9
karenfisher799028238,0xC0AAd2e5A2e120eFaFEed9d3b0637A311C8a0f8D
spencerjoshua105649169,0x14b8cd825Ab1D947b946bBF2cdFF232cfA527FFd
stanleyadam331784426,0x7262f28D81e2Af34ab73cEF8D059E28bDD1D2bc8
brownmaria782809150,0xb17A12e8D4d0E6b3E374FD5982CC495F8a7C62C3
westedward410541804,0x2D06fb4774Ce0778115423a97c9708486A2EE8e7
cohenjorge198823321,0x1D21f6980553Fec952D8930a87Abe1ca453Ec724
cheryl61997345419,0x32039B822Ac3661740D2246c165c3E8DBD228Cd9
juliegonzalez724056799,0x7005ba0aeE3F7523455A912bfb833C838d3CFFEC
mward785404411,0x8ab5317B59584D3c2Ccdd6F13287aCAC3e2bbf26
gordonjordan229769598,0xBD658F690BA4977250811670a9CaEEe5435b9341
nelsoneric592245906,0xd0B0960531Bc4c21Ef47826677d25e1a2F780CBF
kristinablackburn876593191,0x10eDc808A1129E091028d8b9cb6EeA5561863dd2
alanford477481110,0x6603294c68EBBB22Dc32887d05207618fD40B802
robertalexander184681383,0xF6472899f38B8AC0b19614F5cd5851Cd72baE50F
johnpatterson894582429,0xCC634512c983Af76813456169e045744D2fB1708
shawnhoover135637708,0xb87329c5E1C52A201152C9DBf172beA1741F4e21
wwest373849537,0x03E8f41073A49D220f957500A2EFa0F747Cc3Fc8
hburke171768485,0x6F42023ac6f968C9fC48ab34Eb4232e83bfc97b9
horneroberto723165310,0xDE6bCcc951d17cd81Cb820529CEef9c2032657C0
michael79886659796,0x71709F07b9CbBa70DCD70384E09276B8084A46B7
lisapena43711319,0xb325bC8B92250091e4947fc47d24EC7435AFf4DF
christopherguerrero311582825,0xF9C1176b489fD39040d336eC68D3Fe20844C68e6
paul27675856404,0x5Bd07A88106E26A0055E93d85B1a9980BcB658E4
stephanielong225617225,0x4C02D7553873F34152776A26bC1d0fa913db0868
wwest444995936,0xde4C5E6d7592D7B1B27489649D9241010Bced89D
arroyojulie756390493,0x2F838d9ce74B93Ef12FCE9f7e863202D935a18Ba
debraedwards830937177,0x4eb593781Fa6fF90579355e70AFc8D6e27F30700
smithjessica359436055,0x8C7D90717C57463ab790797329A982686723D1EE
brooke96894206393,0x76ee19445A5F7DaB9Bc8D071eB63Fd8534715d22
psmith437369548,0xea42D4F0cFaa4A95B16365A52e75824cf6f588C3
stacie02358586968,0xa1E4a10A052796e33F468e43D1EB201b9578EFB1
kturner799775222,0x8E014750B01c63150a328d60E6f1cC32F34cAcA8
charleshuber538110909,0x3DB88C2416Ce57042333138719e6E4458eaF0F44
lawrencesusan152683174,0xb8211359d3899A644410b470127571406c8A9B5E
stevenhansen49591945,0x9D74fcd492b6c694EaC65d842c1D38b331f4E966
ferrellrichard338893228,0x1F592a470d6b0D0355127802FDd2Ec72131B1223
turnersheryl992249851,0x4b371614797E42F9913F983bA1B9154091C843C1
dmiller312007864,0x70853154068bF209064E6c6D335fD060a6C91eF0
lawrencesusan682626731,0xB04Ed98AF88d3A3C6f9e525e7fF77622d1a6f289
alanford115194734,0x84FdB88878319fa86f0cC21748b813a33D979Bc9
zmorris403702755,0x2915e8Fe824D671fbbeb255563E71C0d84a431b2
prestonpam553800137,0xCb93a6E888072e4EEF8927eD55Da983B7E6896fc
amanda33889824148,0xe0789Ba8818676D12a47721Ed6829eB65A199102
jamesmora504368352,0x88D4AA68539dBaA8Fc6Bc32aAC28cC786CbF2daD
garciajeffrey788253570,0x57986737d52fb634fe3d44d8C2907f3089a1AF02
samuel93650619871,0xA34784b5EdAF88916D6B79dff46c0B8110A5b734
brianhale122890797,0x371cE217308e12C65662c156000321e556F5d276
bryantashley544154675,0xE19E81CFa8eBaBC9C2Cdf731393c905181cc43e1
johnsonwendy216653581,0x37BAf8D687D1257764A1ef6Def07746E916Dd414
robbinspatricia343732094,0x2863B06B8e6d63234AcA174716694f337408150b
kaylagriffin613872448,0x96b77f0481f525fE54f46EA6fB4d2973214f6d61
cameronamanda432833728,0x01d0a052eE3399032f3815eA0FA8238F3c81ad4F
cranemichael464563710,0x3b18da1D1000F2711C32F6Ef0c210365DD8E812e
jennifer39752004880,0xBCc5D9E8269901B9B6d9E77064FE650533fdF24d
smithjessica742019537,0xF73ebD8DC9f0B09f0BcCbD2b9b9Faf2115a85F89
westedward91684461,0x1599E81C2747Aac85De4415A96eC74360AD524Ca
ufischer642209734,0x44aD20262daF57893DBe382e6e34176d4d311391
spencerjoshua990089584,0xf324075bC23a8c2eAFd88a859C6080B5720FB0cE
horneroberto674816410,0x1941a7D5806Dd60E6AF1646eecc9a3d27a6cE753
amandahernandez820988964,0x0E0F203D84B79E23BfE42AE3eD4c8Ef54476832a
xfloyd115692672,0x8119018cff2F4db840B8a655911Ab516BE69C752
wellsjennifer200854389,0xe73261B94E8072c2EDb1782e6ee5089f4Fc426F6
wrightmark990056400,0xF0211F3c09F02AA6348a3630F4BB909b27989F3A
aromero734872166,0xF85e0c4CCC899D238CaBc9D1ecb0D1Bb99e575E7
debraedwards254339453,0x2c46B0958e09f6066BE3045F601333525B6F24e4
erikberg971915903,0x991edf78583c46028AF9E05308ac77D73D57d2e6
jrios578689235,0xA4f4c242Dd241AeBC1a4028d4D27cA1BAC1709a1
schneidercynthia226585485,0xCCdC341c774b34a19D5c70d38E90AA96Ab2baA9A
wooddavid234826505,0x0b097A7Ecb41dA1ee50Eb002F20876e89e8680d3
robertalexander177136859,0xB7012747d1c882D070D36323eD2E0eb7d901808C
alanford136375795,0x0A9D847bb44719743B469170273fd6fEBAaa1173
kaylagriffin599917250,0xcB6001a9E8F7EAe886bc2F69DdebFb516A9cb069
ehiggins261346622,0xd3155c227EC5DaC36E205D7a51FFe6bAB4988333
cheryl61403534838,0xb04B6c71D3C4d5b3F62799f1272110D68e3c4f4e
lisapena917124008,0x4Ee079cDF1Af4795011C08696D0FA214f2b26A7a
aromero831786562,0x6c8E1761582818927f0bE6e2f461BC4de8B6aeAC
robbinspatricia671049341,0xa258FF7bb44958BD3605dfeB1a90f849aBA0df94
jrios717976058,0xAd591152Af74835fcBeAE18B5A434f1C1dc33bF2
kristin43906968736,0x07989705735Bdca411507c492500cE92483da08C
reginald77583556160,0x3effd26fFf51aaCe152EAB2Aa919fed14594CEba
psmith344030342,0x769E837854476179dD1a56B3F451B21946653ee6
allenweiss933079419,0x039f2133CA71e8e42e71e7f5b663a9A3e81c29eC
sarah90820217552,0xcc2431faa29EE66Ace7798d01167209310c71D09
weaverkayla870537895,0x62518Fd54Bc17fe0A8Ed4Ad764385337639C2C0c
bryanrogers293950268,0x21F48d899a609B818Ce2E6EC78940409Fa11D731
rspears683748334,0x2A5DA6F917Ed1335c9f1eFDec71FF919825E3815
fcunningham499742657,0x7dBb3aD39c80AFdBc960d20Dfd70f791b8aDB214
stacey404552998,0x3fF0D218e2c3C378c2911d690E44467B299Bc555
samuel93233399381,0xc68dc2664484e4ebe1a7be869F8808875093970D
bonnieanderson482594984,0x7AD82bF8e10E2545d4Bc264317593701F7bBCC65
charleshuber638545355,0xd4AF7159a7acd11a54812853228325690E90EF63
marshallangela52510722,0xc40bb060B0bC6fd64C25CC0b6E2e0AfaE30f6f22
turnersheryl715403306,0x2aC9E1AE3C4Cf67a281F37d2b89b35FCE41Ac921
arroyojulie278409891,0x566E95d1143E14d3E15ae7CBB1e57BF78948f57e
robinsonvicki89072953,0xBb93A38dec42849c9A47f16Dab88b3020475ae18
aromero391184441,0xe56F2F6CCB4Ee1630b757C9A6489de9df553Ef88
raymond19318487329,0x91c49856592E9F98090DCB3625c1BA3503eB8336
psmith908439121,0xdC6073DadC81878Cc5Fa2d4Dc69D5AD2C1258a3b
bryantashley659591853,0x69072f931d81998CC8eA753A85D125Cfa4A86cc4
kturner223825577,0x6551ed8038aAdB075E77cf87f4fc0D95a666093A
bonnieanderson996693297,0xe70eD5A114F6dDAE4646aF08e5FbD929044Eb901
karenfisher167495599,0x4d872C599EEc465708f9FBBaB55A298e4f7b436A
waynewall775983555,0x78A99A7a9a3D2eD100D140Eb84bbc55a0cdc29e2
charleshuber512493366,0x1429C5462b6b90a4020d3a776F807b69DceA7055
waynewall435941110,0x999EDaBF6EEb2d76F58B71075459b911B9CCd028
stevenhansen239260285,0x272C8b7fb56D93B00111fe918E9a1196205aeaba
james03629149705,0x301F48646d4C57Ad6e6Bd224F344A8d68BFAabdf
rmedina192341332,0xd385cAC10b8e469C25CaC1227A2a495D820724aB
james03150564330,0x2Fcbb2367C5d82B73a32EDD098BCBfd08Eb8463D
tjordan441661689,0xbba40e4dd09e661f2d66c586583b7F9831241F63
stacey14958539661,0x4Ac7bc990F5853304189a374769A05871b247f29
mward967571779,0x9B0f6855D85Dd6399b9cD4245b6C3101e3200cF3
juliegonzalez791725955,0xB893f17dD9E2dE709b73A4457015Ab38EfFbec37
erikberg747278855,0xa42089042b697Da1B300Cf7eec5F5f73DDf9FeA9
cheryl61166577689,0x3366BA0eB49FAb0fC7c375C16F0EbD4231dc1A65
angelochoa401066960,0x083F1049eB6C3321e56bEA95302939eF12aE55F7
marshallangela996409580,0x8Dc98d6182b188072576DBfF3d4b526Cdce10252
xmorales179838299,0xf7ee72115c185A4339b718459C3C8EBC02e80a49
raymond19654628418,0xe99B5d23953Ce09Fa1B1A94b19f6DE9A6aB64117
stacey40703182792,0x73a14f813b9dBF85839ea5679a3D3940E9A36Ef8
walkercarol166428124,0x32203279FA877D03b3C019761A1a756F986b2046
turnersheryl76614547,0x4997c03892B90666bfa2125cA4091494E5CEfF5b
kturner999020969,0x05319A69a795B3324afAf92a5CeEE608C382bb2d
wellsjennifer110996234,0x534a735FF431394727C7810481A88F4a427DfFD4
ibrown310810748,0x2c8014d30B3eCa1dC8988e149F038Af5427C220d
schneidercynthia436779154,0x14B0e5d6c8fDCDd601C6cBbbb864C9B2B554CbdD
wwest668241869,0x3f65d88d63e1292c8fE2373f89220a6F116d1dEc
jrios495237782,0x8826037F08e73FF85aFc2fedE8EAb81961f5Be95
turnersheryl494531302,0xfb7E342292341AD242603eAC13911E1f385f8738
cheryl61450584311,0xf54Bc7427AaF5dfcE74Efc0A0e6833b81ac99786
wwest152273208,0x66A7A12A940115103049599C3905eb915879fe1c
kaylagriffin429554020,0x218610feAd66147453354f225d03Eb90CFF8F9Be
ibrown864407133,0x027289155035489F631CdD7a7BcC72AbD0ca9492
shane09488264691,0xaD8CFB220Db8aE80CF287f71eB2871b148A44159
ferrellrichard150646698,0xD659b8207273fDeE88270FCD2e8aa0a46179669D
cheryl61472820138,0x075DDB17fC96248A80dE83C772d9D0707eC55F37
zsmith573827626,0xb2998550e597d61FDf89F92b932C15c4d7BF1686
charleshuber769550943,0x8c17439e51e190504CF49ebf8635069A3251b7E1
brownmaria876830761,0xE854c7cEb5a756bB3090F55eF4F7D55DF022BC98
stevenhansen533981438,0x5524182dc3784771ABbd540841E66d75e7BaD6Ba
lisapena844541342,0xF5088656Ea1F6F3C278ff99Ff151Bc60d5bf87B9
wooddavid686035007,0xFBC24c1dED227f78e34A2C058AAdE6395c60D260
psmith763823756,0xA6469AEE624a056b58E298d887c63d861782F766
nelsoneric466536579,0xEFA8dB2743B422B0075efeFA29f41dEf2526f330
cameronamanda612507850,0xA060Dead1210BD80933a9b544C917C319eCaE209
aromero517834479,0x395d7f8e0848A218c224C2a5F4e2B3e177867C34
nicholas62339766428,0xBAa06029D72b263c2548c17D29aEa461B73B6Eb0
robertalexander378026196,0x225469636BC2127cc7fE4945411571a1146bf773
james03387403707,0x2c57df16847A4D6732a3D5bdAa8EAd76B47771ed
samuel9328405407,0x6919beDc0A78F997F79fb9B7770A8Cb7726735b7
kturner192851366,0x4314B72f93785adB794E702f45a7c4951A996447
stevenhansen476934164,0x5324809733Fe1F2adc9a8a5b9A80F1f8Af27f542
wwest149738013,0x275be59b20abDF042Dd711E562017d5473737BfF
smithjessica321566253,0xdd5858822CaD1572E8Beaa2A4a3E5BEE2E76Ed2E
wwest12769996,0xd5fbF68FA6cBD9B24272b28942B94EF0Ab3f842B
michael79976750748,0x840FD91510107E66064c8f12dAcf9A277Ee5aC1e
turnersheryl835186469,0xbf67474020471298F38E3771eA95Ca7b278e76e6
schneidercynthia291989593,0x9e048C561417A4706Ad990116901e5d598ec9B34
fcunningham480145801,0x08db48223B8885fBDE2c0a1387d582A1Bd33BB73
psmith452703489,0x2512eaC80FCA433F6F9d93a0e442Fb91e853cbb4
robbinspatricia999710276,0x66951585BB10E886865F9F7c049Db7A109604A42
jennifer39602652067,0xae9e2527C3bD2DBf535ae3C20445d79CF7A7a441
bryantashley993378580,0xC56794F156270aF3efaeC004B78aD98d9e3CFe53
alanford942561545,0x08604e45426C35242f93552c1aA0dC14D76F92f5
jennifer39369607993,0x493365D4C3aa53EB3822B9CdFd4A302C1a2341eF
kevin617213090,0x89215549603D00f53905126AbF0572A3C0Ffd646
kristinablackburn742456694,0xa747852dAF1eD565e08ac38b54D09E301Be8Ef15
amanda7730306944,0x9ae555D3326FC4112C01ca2dd74ae5794FD3731d
stacey40790151144,0x2084e7473D329605cbE2797C51aB7D77A837A2FC
robinsonvicki20740972,0xC88df9dcADaF06d147B66bdA18a69533717Ebd2f
smithandrea255045512,0x9373F7c59252dB52b2ECF0292D8b6A469E3Fe68d
stanleyadam426029077,0xb566909eDbd0af33657eC4fFC098f19BB7ca19a7
robbinspatricia408635167,0xBa32c628B8C9E8695Db61f6477a99D868e05e209
amanda77513977262,0x75038aE0c8A5F8ac26c16113FDa8A388fd8F3649
stanleyadam258763183,0x4D3b2C128f559a0c7a780fD72b3a51ddBf787d22
graybrian307649250,0xEBB3FCc2F904f8c04B596091200CA3dB6Af99F55
schneidercynthia907518363,0x0996dC10647D4Ef828a9490722a2Ed55052931A0
zroberson545655781,0xf7DB666318ef08D7981451E1AD9377f4e44694A7
bryanrogers90434016,0xac18529cA296A5358DE167a596e9Ac333eDADac1
ufischer112096539,0x9De0f5730F2dacd92265E8C59Dc1ce03196473A8
lawrencesusan190362673,0xE8efbE1e4f904811584113Fb6c6478f2C147e725
raymond19159927043,0x8f5eD1185BB3DAD3c713308Ee0EFc34925c65f4a
johnsonwendy188793543,0xAA76faC5f8de6274B4e32fEe6ff2E6bbffd659DE
cynthiakirk716037785,0xD7bB16d1B0c8cBe5dD153C4E7C4F0D6092064eCa
ibrown332559399,0x796210CEfa68366A360e6e0edEDdf3430D09f8Fa
tjordan203167126,0x2E1209c1A9f2C7f5785F2Abc8F6009300352eC97
garciajeffrey248794922,0x1B08A6001A345bD98b1E1b85d992a559A8E61CD4
nicholas62988277817,0x70f6a0E441a47678548ded364b414379e340E1f7
johnpatterson21318835,0x151C3e09ce7E8524ca09f4aD77D979c6B08749e7
michael79738431884,0xBD5369f6eA00204fDBa580703a5Bc5E4B2a3148a
zroberson160035814,0x688f8d02D96622F950BD62C4dBA99CA2feE139e7
paul27319796297,0xCcE83E1413f5e96c57f49F9082B64331553964Ce
karenfisher307635637,0xf6c6C4c0240F4c153137016162CaB2e84453fFE9
kaylagriffin793195487,0x8CA16D680098eDa0137649969D0499fd8d1474aE
wwest291414774,0x3117B2AD3bbe126B363ae27920fF0d023Fb37D90
jennifer39449850993,0x8FB53B99a1BDD0e42F1AbBf0ee4DbE2f3AFe945B
juliegonzalez280689472,0x4Cb228D1b9F5f5ccF6422EC8dD99F7d61425Bd9e
sarah90200837394,0x3456D62269FDDc6Bb75D35bCc6477594964A09Be
ann91637723809,0x35A45a022f20c47eBa6eB0F97F20fFBB64583e41
zroberson354442822,0xbA1B90d736516508Da81F90ef790c54A039b2E29
wooddavid194144486,0xD71D196d812446b723e5BEF2f89a654c51d5E754
waynewall437325814,0xefe6372ea41c9D48DA4Ea490AA29ec43afAC2f10
cameronamanda571506351,0xCd67b5b849432D3B586e03516c56e41a07496CE8
stacie02286302143,0xf994a8bFf18BBd2f01e9d368Df9Aa326aa19eC40
brianhale152382008,0x1D3880b7f07ABC8a42d43d1235BcC0B8Ce125b3f
prestonpam632661570,0xE7Ce358C517026dab750bc2bAA7Ad0968aF56d5b
nelsoneric144983412,0xB7a91e102891619cecDcdd9DB6A3f862726077c6
marshallangela644414194,0xe296043eD9B17eBA367A40Ab345dB0C918721169
debraedwards10426980,0xcD641030ffdCa1403371BD870cCDe71a20d0903F
fgross903993965,0x52D7EE95D3665D5EDb80A26294Ce8a33a1521588
kevin61882472270,0x4FD23332a212638cf1d6Ab8334FAD5d04172F280
turnersheryl102334909,0x7764F3eE3e76829a4400E042AA11DAaDc4E2D780
lisapena725757800,0x13e358dFdb4C69465407E32454580217128570c2
robbinspatricia305778698,0x5E6DA6C3B85B605FFECbB01cD7021Ed1E5FE98F2
michael7981907510,0xd9bfc64a482fb5D9D4B3237462e38B1B490d17C0
amanda77487726498,0xF5D7A26896745BF4674A229F33f2d52339Dd93e1
reginald77852599086,0x7417b7B944C4b4b91B02cDCb028bF226aC955282
amanda33868143224,0xD1958F286518aFE5E2557B6AF1fDD37339387984
cruzjulie674525573,0xC56b24e49e83889c169b0682996Af72C2B1d2497
fgross435281549,0xbe3d9d93F52FB670cc306aDc965A4F427ad21526
stanleyadam907856241,0x58A8716F410b99ead1A7666C4EaCf7646D695D4E
paul27336720553,0x34459bD677Ce48542840Cff73299BC74762D52d3
rspears247804068,0x0f5561e15d27eBeCA19B29e7509a73fdD6e7Af10
prestonpam507770847,0x355E8017E95Cc7980C85d01c8d5068828E866c7f
smithjessica524530718,0xC66c6dc06E6515E648f5e692219e410B40a97D14
wrightmark14190732,0xC4E28e2362e1f8876FA1CcCfdACcE0A2809c0e28
lisapena173084636,0x5dc6649066408a14b9c975109C2b3AF41561785c
xmorales323850288,0x1a409262Bf307619Adbf2D2d63f009d32FB96918
kturner955018564,0x0222cab7250dcB4B2dE5c6f80cc9ac048B764A0b
christopherguerrero9702885,0xcea97FcA4F1Ed0b9Cd47CAc16c0e4e78D890488b
stevenhansen456846362,0x6046a2880C14c668b70a669661f0AF94412f51BC
ann91752687970,0xfA9a4A13b6458D5285AD088716A28897a156EdAe
cranemichael930131491,0x70426D03a279891F4302b2769dA7f737c28526BB
cranemichael521026896,0xD7730346DEe5ACaC89B21d3CbC68c2859d55918F
jamesmora204122199,0x3BCAaaffA5DB1D3103d51859B395c34054e60C33
kristinablackburn763376864,0xfB6f33b960A347fE8E4B80DF75a13B776F50Dc56
kturner227193357,0xF982f65Fc7c76D52692c8b4658B05844b8c7a1b3
robertalexander300108232,0x1713a27737b5ED05Aaa2E87494cd71474d49316c
ferrellrichard829778141,0xBDd4493B3B984Dc3b069B5d129968FAdeF1106Ea
smithjessica74389427,0xd0571BE9d14D505F78a1598f98d00bBFA20c6210
xfloyd729031822,0xF35c666Bec57FD92e7bd16B7eA6bed052F0E54C5
smithjessica958003972,0xDA695151f39eD48c62eEDA8F3bE4B3E8D4E28d6f
cameronamanda583728897,0xD5E552B6d406E50780dcA7D544aEeF33B4651bbc
ehiggins426724508,0x52C606561566aD2092B0d13351bF640026e567bf
turnersheryl462600190,0xCC8c16De7238979524d270eD052714aefE9417D2
wrightmark843180542,0x6923D3931b0564509926919e134391633b115005
jennifer39327562102,0xc6B9dE7AB563C9C99620d13c88149A400deAE4dd
xmorales573759029,0x7c9CA4FeB8aB7b08C559e85d109862B801b08214
james03132022913,0x9603005e1b21FFe0a69235A8547bd93775a820fA
mward475591815,0x5eB3224756092B9f70622a643627DD2F18e5e248
debraedwards663431296,0x912d902974Bc1C4d8289D791866656Fe5C69EfD1
nicholas62384817239,0xB21679883d4f0fF50c91e2a684cFBe759fDaa675
angelochoa379588281,0x43B624B0981716B963FFd5888f26325c5cc03eB9
cynthiakirk506244051,0x964eBb8cdC54E77d841f10F383B54F67844BE7c8
erikberg224293019,0xdd40ef9BBaf412d28F17097258036E5a3c13C7f4
stevenhansen741190219,0x2f2feEDE2b4F9Ea58D054eE250580B0053952664
hburke648400230,0x954CA5d3043dc9a4339355F269c8e3931c993F9F
stanleyadam601926766,0x7cf7Eb27F16821133354619d914bd7f0294C194A
stacey14681777428,0xCbc71Fe54977F997E20c59A3e7EaE40bAEd3332e
james03803594813,0x03253600D88b51B7608fcA170D9129b770634cb1
tjordan925661703,0x19F1c883e57ADa00034415dcDd233D9e8298522f
robbinspatricia672149381,0xdaC22AD5Bd4Eb6A387b91B42D24407f31Dffb3A6
dmiller691379970,0x57Aa570EBbEdF69fAb99E54b5fBB66E8FBaa85C1
xfloyd847453054,0x4bcE34C46e4dc595159767459Df1da4664926c82
westedward902352581,0xB4ef6889aCC118b2dd6999c4873498bC8b87Aa97
kaylagriffin455617825,0x55B1Eb821988FEE649d1aa80EBe69890d1D5D5B8
rmedina744255230,0x6D2AcB24d909225b1f6Eea341af126Ac131657a1
prestonpam480529574,0xAefea64Ac0228Df517e3704554A67289d64E4E93
reginald77411774475,0xCefEFe8145a3F36e84Aa097BeBEFA27E9E738bF0
zsmith413871883,0x4bA98A01126719F8524942F59220931d5Ef13c58
nelsoneric540557,0x74e3168c6bBE27B89e2e071AE91E2B26E0A3013e
amandahernandez20771752,0xc4B03e4Bed36B4Fe22f5C1Ac1DB7dBB5f372c660
ehiggins30888489,0xcF7Efe4DAeEFCaBf1269D618D3588d85b69f4304
kristinablackburn126151021,0x9EC137550A75AA0074cEae974BE87307A1d092C9
zroberson568669275,0xB39d78ABAb7C23571307e02247C4ef8E18459DEB
kristin43663967750,0xAf4A4d2524659282F4E55855B023AEF4a8D94e10
amanda77807168225,0x26956995Ed4Ac988D15F7Ad19D5aB88D3B187CeD
rmedina230482877,0x20A094Fce332284f6b16b6A0608dc7DdEAbb5eC3
paul27888230840,0x3368e16d8757f61D1Ed8FE5076B130831215E1fE
cranemichael631294659,0xd94D11A5Bd194b0E2d3c139AF40EfC99CdB0D42D
fcunningham277708219,0x92A061ee8E84F40C66dAd33C18443c0ab280f13e
wellsjennifer229287353,0x7Cb61ef6eE9B0B73160233cc3D0F2e90Edd69f1F
fgross736539266,0x618Ec179DF8fe52F36ED6c70cE05Dc9194861fB4
stacie02460315867,0xB91Cd21d9e8AA658d7C69D33294B11A4E589Eca0
ann91282646548,0x0ba64D80BeaE094991513ccCCE8aABCa9bED68E9
cruzjulie638812660,0xAfe4525FD68Fa97a3193470B2A158676bf25764B
raymond19875786588,0x9a2D598A1D88464D422ea9F3024B66BEd1A225d8
cranemichael528220829,0x0bF4f25BdFD48E4aB053aa4221b86E1F995cB8db
robinsonvicki313495946,0xD7b4c789d4e1f2BB20DEeC4520aEA52728B8fdDA
waynewall106719574,0x92752E0DfA9854e068Eda9A24A86645cc81bdE36
marshallangela232279248,0x7D6f1F114Ef9b4795345d102c605F240976686dF
horneroberto336082068,0x64BAEc23aD7b6d09B9672B10764b78D0E2a96f9B
bonnieanderson914582135,0xC23eF2c7a93BaaB69892622D1a0B4Ac80ed894AE
rollinsaustin379303688,0xFbF7F3e88f0CB206a73a39CCf781a021541966b8
ann91645911145,0xB309Ef692E80227f0ab90d4b0761502043bC668f
stephanielong222109399,0x73629E6035c103915e34Ab97194e3dBeC5B3deb0
bryanrogers717471197,0x4ad4fbf56e1355f2A695067cFeBEe40c01B21C1A
cynthiakirk610360688,0xCf8564a14F0bd7BfAd96ebdd16469F0fe7bc0cD5
raymond199288677,0xEd328e2B170F6F7354b43810eb1FD4B7e532E814
schneidercynthia423241006,0x182fAD0bb0AAa8c8417001F9065a5A9516F70A0E
rspears842318391,0x1EAbe5CD8Eb7766F804fDdE09D7EbE35C2194bb8
ehiggins599681429,0xcd37eb93823e75D3c8eB840C94b586a8C718F285
shawnhoover371032765,0xE407F4E8DD9dBF6A5Ea9d04c7B458bC1115D049C
lisapena307486528,0xbee985C3A874a4607F679c4C7ebf6A55c6e87647
amanda33573095127,0x7656950F252f05e4334A7412Af5AA0c0bD225e52
amber76184025020,0x34D57E1f2FAcb7A69A002d2aDB21D779C080850C
jbaird474069421,0x47883c9e0C408916d9daD406Fe158088C2C7aD1E
cohenjorge264025655,0x29A2Ea486DE272d181F9429aA72e67d6E3991e26
alanford26808595,0x76468Ef07A3ABe855f3Ac8d73Beb9540E4e36dDc
sarah90522217220,0x1Ab05F504aeCb9Eeb319dca1c11C79701aBf2E5C
ufischer90797765,0x2D15EAdFecccf53B1570be46D7Ac01e93D4aCE60
zsmith627094481,0xaA2032578A7aca6f3f713E6D476B8137C6fd44F5
lawrencesusan98945905,0x5fF2C708851Bb6714bc0e75342e03f456E01f08c
rollinsaustin311252504,0xA150aEC22BA9162Fa4A01d808eC9967C7ebE4970
walkercarol136849020,0x6eC07fAD9d26F2Fc5Ed6687F71F470a511B93EBd
stanleyadam224544155,0x66ea332dfb9fE8C8F0bD7969759e21729F669d3e
robertalexander612839005,0x71D0fF14253C56F4358996c8cFecA0A0AFb41cb9
spencerjoshua307700317,0xa127aa4982d6F1d6007D92e087419d9FC2d824aC
juliegonzalez232347601,0xB3440A462f0bF8350001daF4fcA5957d31D161Db
christopherguerrero576665025,0xb552a86dde249DA9bE7B4e799F878E8e6490E064
smithjessica315834468,0x23A47b019e7beb12d5739B8F91ba869bd9f0648e
cruzjulie208063164,0x9649e734C3d318ca5dEe22C469197D51563FB112
xfloyd562151874,0x34eBCb4E9c609736B2e9c0BB4aa450D6fCfD7030
marshallangela865428648,0x072fb881793aD4eC7372a3B6F21bBab25EF107A7
stacey40429596612,0xBd86D2605d2f4575b7932d0E8dbF2aa0bb8da1b9
walkercarol494272690,0x7DB9974B0993F01A00b587eF4BC068bc0544a643
erikberg996815768,0x13420825d3CAA99a50c8A648778c1273b6d85A4d
jamesmora479247042,0x50B3A7a47043d7e6D9918a668B5aBc68E05d480A
tjordan355098299,0xf63b6Ae9598564d8a53d09b4476b9ce3884CE90A
ibrown914478048,0x1344586fa8333e26e74A73E4819884B86cDb0b40
bryanrogers379683501,0xB263Ad8Fec35DB6752AA2F74283a0FFF4f7D2E06
graybrian617956717,0xF2de106f864446AD127a9b401102DFdE6748081d
kevin61356387532,0x50dB416f884c2ae717940a4Ed68258fa4E7d23f3
kturner546395028,0x02e9fdFbCA2eAe176A5e78C33E6187370443f972
garciajeffrey880237016,0x8d58921A699e371AD8dF518A0A2da397de4405BD
fcunningham378144128,0xc1F6a73A914eba5bf211482E3180C96916a007a5
aromero612872734,0x52e8f46d079D469B6D73dd3D1bE94d4aD5fab15B
shane09552406055,0xc403863Bd7Ce90345a3b2C8F7Bf57A92D462fF50
jbaird420608985,0xFcF28A43ca272a297A5ecbC0919B8FE58A20110a
angelochoa298118205,0xC921D50A782f3Fa4da9E99a55b92144899076d65
jrios612636845,0x6250f860D0eB04c7fc217CA4839a74d4Dd8D9cBB
kaylagriffin320366180,0xfCc47c06B6414587421F02A7174d53D4CF3C1F9d
zmorris652647978,0x4caA349668053F4b106e4A642Aebc3Bc6A414745
loricole680287351,0x851A561cCa646CbeE33bb1B312b6bf3f51C22bF6
stephanielong741851016,0x4Ded9E12aC6490011b8d71317F8647D296866Fd4
wooddavid693882354,0x91D3e16e78abEbCa388ceEC2BAFEbfe05fF114a7
cynthiakirk740335919,0xfa4d7e123Bd5EC2950855bE71296C0CC2ebe4d7F
brownmaria899883501,0x2779AF8ecE0A73D2eF27E42F56ca25275768aD1b
gordonjordan137948190,0xB4F074Be8144884BD34F5E2b85BeffEb67F3D602
brooke96204087158,0x007f1c8d6751Ff369809Fd9Ad73444015227Fd7f
ferrellrichard614001836,0xb58e171268DDd2C870892534a5950b3a0A0a8671
johnpatterson176651888,0x56C001F0f299445bd1675b57B4f63c4971B6946e
michael79357750125,0xb00f32983Eecd295C137aEBa91279eeAeBE01b81
arroyojulie680036460,0xF13b4DB7501D28e3CC43238Aa2b61BeD95daaE79
smithandrea256371479,0x4a5605225CC3D2Fcc5ACF43a69a7B8C41bbf6AeA
horneroberto820187257,0x7C95568A081Fb438522D071A0c57dDB93664f61f
cohenjorge905390598,0xB3F2e9e19895bf316010D8842Ad7968196a32260
psmith392011128,0x78443cE2048f503729B04dA7C00A1DAD91ee424e
prestonpam74140667,0xA0596a6fecBc94025f2909BDBc3e051b4656D8b7
psmith754602263,0x4b6d482c78987BDC34D3b46A7589E68070a91634
robertalexander817078860,0x70Ec7338AB9f5292E5144336ae720F0DFa026C2c
ferrellrichard919988612,0x91cC45B615D4d3A52fdfafc9fAf1B1Fe04C82DCC
westedward659919477,0x84cF352cDd64460c072b3f02d8FF7e1fF932C33a
samuel93443784112,0x355Be4082F2297A7971C311e14656723F465d306
fgross805423218,0x5cDcD794C4A8e2A2A8C29E876928b0cf013c6624
smithandrea618295498,0x6B867Fd583A6254C385046798080c53f950Dc66B
jrios73630917,0x525507f2E5a2F65D712AaF65917a783bfa124bA3
wellsjennifer461993232,0x8568fCc05e134DEF0269Bdbf44B44e574278b661
cameronamanda271232756,0xb11BF7BaE57B7AA4b885bf9eA1Be8D5069e8a0c7
nelsoneric691549360,0xd86847860C6475300C3b55167a4121b6E9c1de88
bryantashley654226732,0xe7730432C24761875b1B13CbCbB10985AE4C13A8
juliegonzalez778101526,0x113cdC8d4a07140010DC468900BeE99AC2dc9416
amanda77405862831,0xA13AB54e48c71C815f18D3bd70674DDEaA2A7DbB
allenweiss791606168,0xA2C142784e132Fb44CF614d282Cf7Fc4f69565C5
spencerjoshua616270176,0x16381fa9612Bd6c738b453C333C9C6AA471570A6
cruzjulie488206724,0xDEaF68fa29b184F342E5C53d9479D541AdE1e3eF
cheryl61607038769,0x375B2E7dFE0270ACA4888aA052204a63fE1DF120
smithjessica372768104,0xc5Fab45AECAbdFa5af47708a6EBCA8Eea26aFE5B
xmorales61307891,0x440b533B3A06c3AaB1d0722e8E772bf6Be3020d5
brooke96397506502,0x2F1d5Edbe622210508f4Ec5174738B70d978436C
reginald77854318704,0x5923B1B806fe2B067751B04756c73cB56Af83c2e
weaverkayla31832386,0x795eaE7C41d54D37616e49f91224CbDa0120a1c9
stacey40752697951,0x4294ddE369E3250c848696bb9c978fFcf1a1bEe1
amandahernandez622771990,0x092dCBdA41F9685fcae22dA6d81AF0628E32aEA5
wwest807584078,0x1E9eaa838fDD23D0b1a97ddf5C2A1A2a51dA1842
graybrian366067091,0xdE21437E1B3a639134532977715B5ec2739F3592
wrightmark503579406,0xEc54847ab909A4cb7609231dB17d3bb49868DC5E
rspears882614059,0xab0AE08Db7d33c29B360C4ff754338c0029eb519
bonnieanderson409355335,0xBf5eCF68AA504ac4Cb3f17D73FBB2C9A517050D5
loricole527370897,0xBA4f40768FE5552dAf186626a96d66E6Ff4D9a60
turnersheryl813483262,0x8f9A5B48D553F20281623Ccc916bc71540e57F2b
samuel93919874589,0xF4456cF4a68C17ba379d2C0094cC86383192d820
karenfisher11467026,0xE020b3429b1E313b618658f8c081772bEFBAdfdC
zroberson24826670,0xBd5c1f04665935E62bbDD2bB5F07DF15d8175E9d
johnsonwendy530881723,0x4CCEF0E5DE68c515Cb5fbB8c80Df28A07b2a5667
aromero153077572,0x47472873A5cC2E277Ecb7C03239beF1497d91Fed
garciajeffrey224319057,0x64bC5b6c5De05Dde61299acD898D48a62c6c86c0
charleshuber608872513,0xa2A4c1580b720963dBc35C0c2aa6512C3a8De32e
james03380981830,0xc0D526df467B5EAed2A97751871fab985135AeFD
brianhale737521726,0x435F7DF1CC58324098F4f4F1B60fF45695eF2c43
spencerjoshua310582710,0xB00fdED2Ebd71F5FA75866A569f5E71940BdB6d0
cheryl61658351731,0x59f3f109ce0aaeF8F0eb03244BFD1Ac4cCCd971b
loricole374119914,0xc7536CbE0A1CE6b5dc29785137C064545d564A8A
arroyojulie742022533,0x5F99bcAc5686d8A92202DE0d6bd6E497f48fC28F
robbinspatricia620858597,0x4C9B554eFD92da208D1538427F136D1194bea068
stevenhansen756314682,0x9aa3839c91569358585fd4512FF89D2dE57e1151
johnpatterson783359164,0xD0682D6D9005408Ee78334b90871027549d9adB6
brooke96432806301,0x47D84Cb4570Cb275C2340F7dDa1E52B3d36Cd2b1
lisapena641371136,0x0391D94a3123632b5D0fa80D3917Ba42adb40cFa
turnersheryl36551030,0x607067a554081aDFc8a88d585CECD45EAC7fb422
stacie02103265686,0x31C054dCF5b6A6815eC3c4838076B0D1CF0EbCa5
brianhale230207227,0x25887f78eCa3B4aDaC3fc0b732828828652402A8
erikberg210193648,0x11ED9f3e5332160C9B76F189F8AdeD52f557bbc3
alanford14741174,0x4bA2CBAF74E71C3547410627FA6764B99Df50EB1
robinsonvicki134843131,0x42E204E1AB4d529774E8D340Bf2ff72464Ed54A5
alanford665447399,0x47Cb228e6C44aC59eBDC0974d5fd55EfaD5b4b2b
kturner46645296,0x207Bcf4352e072cbAfD02cf7fAf7d8ffF7a05b29
stacie02787278675,0xa69b5018F1d0E91F45dc536191c7a2515402a3c8
debraedwards194412187,0x352dB89dDd0A818dc28138AddBc4cEFad921Df2B
wooddavid191913101,0x1aD8a7ADE83403473FF95eFAe931Fc75aA1D5A2a
jamesmora911533068,0x31A48E70CD758452C0da24423e94CC993757Ea47
cameronamanda606034263,0x9Fa2e25CdC9cfCacB09b77FCb19FC701e4923242
fcunningham82885771,0x6E923Bc79d03eCDE275c7F19F4a88C706e549319
zmorris152798998,0xd81Ea0e398a133Ee9c055885556f799E7010a8Af
paul27132472295,0xBF38E45E6279acF1cA87bf88675f6082768048E2
robertalexander848591574,0x999511Eb9c2e4b20C47d4B13Fc75E44E0833a61C
bryantashley1808070,0x1056F242caE2c418Cb6d412E281117F99bC8F8c5
hburke879262409,0x96494161918D8b695B1793aA311a4e4d7521f28A
robbinspatricia123470,0xf99C151FF04800Fe08b31552c255d663062Df4d1
ufischer400404267,0x531C97Edd8a2DD716E50eDED64902068eB3DFeD4
michael7921810147,0xa59853c2f9Ee9A788E92059D93D9540e40B478F0
shawnhoover242374357,0xa764F820EB6F78beb1d9536921700cA073C60595
johnsonwendy318264017,0xd92926d180F0951c0729C89BFc0bCdf4e2e73fAB
karenfisher971691005,0x493BCF64A0724408311e1a38DE8a3EaC18e6DF95
shawnhoover387498333,0xE7ABB89806548C70B1b91330eDBBd93c255fA2f0
juliegonzalez633073872,0x84F8BeBe582Fb7D7E8Eebe7c36816154Dc3e172a
xfloyd922445150,0xF9d8Fa1b6fD3B749Ce67dB5ac32F606b04FF2c09
schneidercynthia995606301,0xe8CfFc5273c3821982927fcCCD08A36c7b9D308a
ufischer467010948,0x63B10Dc97e006d6dFbEd54b7e97f35c90CfBB725
zsmith611019737,0x2ab55605aB075fD7BF2fC616AcB8561d1044BEA9
kristinablackburn72061959,0xDb96127474B63A3499A5d7b23Bd49A79Cd8Cf624
lisapena899065462,0x70e2eC2387f4FE34C19Fb504d5f2199025d21F79
amber76379846119,0x5C50F5c961dF24f459d32fc8A62250A2B76073B4
xmorales214752478,0x0FF9d8e85A585bB777E7D4932a7563588039aBD0
robbinspatricia27462404,0x7032dBA20448D9746A6c89062Dc99bC830CfB4c8
stacey14749874841,0xA85fC0558D5629aD97A2D0D21699bc68E3E145f3
amanda33354970866,0xeBC7C325A42EDb893F7b2F993fF30d6B53b0A7a7
alanford449270941,0x5871eFDF41F58A0B488fD3d1e45a53e64BE3f7D9
amber76404420061,0x8fB06AF9BfCe78942bf8936D430BbDeE9E288B9b
wellsjennifer443534185,0xA95A104C08E4e59371274B6fC798f3E1cD08594d
sarah90901342359,0x0682911E6f28B4957FC60640C558D22Ae5Bae2e9
debraedwards986415806,0xdf03AB0aafe82A41482a0b4414f1757650df9EEF
dmiller255517658,0x0FbD480308e883C8509980971D002a1c434c9B81
allenweiss899293301,0x391e753B06322dB79153540D1F00C6aa0DF463b2
nicholas62523475007,0x51c54A1B141142F3E7F0698A5d383AF86A0de45C
kevin61853698830,0xC2B1e6C807D2f6b1C6F1dd482c61382E5b4c8110
walkercarol553956340,0xBc03E6D1670C7F50E101Bad47c2F8C8b43AFc4E0
hburke264689655,0xA95362CDf74f4cD87980C34Ba37b20472E6D408d
wellsjennifer344104710,0x80c8809eF6E944B8EF30100073F0b689c8A83ce6
wwest63280209,0x2f46e4E59772C3c2CfF7dA1159C349C40036e265
shane09942107422,0x8A7bbF86921DEbC60C35330c2D37807B84eB1454
bryantashley473585866,0xD3820a5dF0380896c28242De381CCdF2c25EB11F
psmith270588691,0xEBb9E5Dcc699712cE7D121642bf18B50638A3e59
lawrencesusan728968367,0xc36A7a0C2c78Bbce2B6A2544741F9FF5E2378B19
cynthiakirk663037708,0x762b0A49C16827448720972dDe36ff731D00ae38
smithandrea441166688,0xD6b4aCBD015802eb4eF2482b1EE6B65a218D9564
kevin61641538417,0xE13541a95Cc4978b1A5117AB47e81A30f7Bd94A8
wooddavid150162568,0xd18F6E4899cBec76a2C018Ba1cb6a9f47b63cD5D
jbaird746458620,0x8e5B2A32D6cF252633C8dE7299BEeEe9041ecbcB
ibrown999296673,0xF7F7878044f228d1E75b44469A0fbb207AB8fB25
charleshuber553297117,0x75eFFE7072a62aB37320a9DB816CF3f14466D7dA
amber76689431100,0x6C05220e8026055918b036C01AAEDE997d724829
brownmaria571053285,0x48437324be5E2862d66EAbc7F759598C4B72b4A8
kevin61397392243,0xd0100d98f21eadF453A0DB3198462D169cA7c40E
waynewall866898850,0x6335e5AdbDE7162fD7A4dBF9dc08d4De6A1E6FD9
rollinsaustin937853788,0xAc4f12eCf829ac9CdC9B2364872DB1706c1BF611
kaylagriffin387467983,0x9767935F00C63561380De20aB133fde63686bDa9
gordonjordan924846949,0xD4967D7b51a1F94759403fEF697306717686F1Fe
stevenhansen961140445,0x385daaE62486dD8348B502c338Dd0fb53E4C6f7E
shane09594043702,0xA6b8983CA755b76Ef675C6Da53320131BD54Bd0C
stacey14399540096,0xD1a5f393E2B9677ab9C6CFAF1993639F3F939952
ehiggins538521136,0xC91A34fBE730672653A33Dd151EFdF22EE115B4C
stephanielong744761202,0x7e708E9AB64ce066BDB1ab3f22D2b70284602BAC
christopherguerrero187005969,0xD7D4B03519e4e51184F157b9313cB035a7837c12
cohenjorge326633153,0xcf8a3bf5737139f63B868eD71D9e09Da8d497440
shane09744062356,0x8dced5b952a0CcCb45918bEd41589A11add4F086
smithandrea396069219,0xbc484F6B9bb7fB2Bf6CA6A82af45B49f6a31f2c9
paul27888988964,0xCfCE265f52f209106728f1e91C01f0423fDB15F5
jennifer39954563546,0x88011087f1DE308d2Ce16fA12fd9171EeB519e8e
cruzjulie135238786,0x213c8AE1495E92EEBb1300271aD3064436F08709
wooddavid329628133,0x7F56072DEC070F48Ecf3DC9Ba27eE9cdF850d3B8
spencerjoshua625954600,0xFa6599084D721b208cCBf7BAd7f7F72C373E5131
rollinsaustin652040255,0x026960A5D13917A6f47D4735Aa9b692885Ce94f8
xfloyd709058570,0xb375787A60F6a1F1C10D469bF1529f8C05D7024d
zsmith865081164,0x035fbC9CA6c0CC99bc539eA2A96a790B574Ae480
amandahernandez141199664,0x9d0939c29e36623D60FFad9687f1404A8b5f42B0
stacey14251008029,0x1026C70Fc7dF2b0B1941DFFf1356bd49d6455045
cheryl61437704022,0xF2db1EeB54C1ec03a69f8e4c8b1C131d4B29EafA
michael79762981291,0xf795090A4540bB697eC61817aa23Ea1376086044
walkercarol81695658,0x1dD62B7B435d82453C30c7De43980d0A08215fCF
smithjessica71074090,0x7Ef2F287A03b4730A16e2D4dFC08065C670215be
samuel93324132625,0x7A901348526Bd0bc92BEfF39c08fdC0167010da6
michael79837332414,0x4657453dA731d1d256ec7d60470E0374411Be0b3
samuel93956209161,0xaC8e69227e390D89117f02054F187a807fd33c31
aromero673532005,0xEf7a7F8A6e35fEf4d91beF20A862a643182324fb
fcunningham655504409,0x65A5B655d92fc8f45da92710214faA724876ff02
kristinablackburn24879073,0x5b730789a65618af570E3f352e7f332EFE8A6cD8
stevenhansen451186118,0x49e0cb79eDd99Bb318d7f57ec55dC1f144109196
rollinsaustin451446263,0x798adC31Daa70824d79Bc7E4Fe4044c1Dca3371a
jennifer39847267855,0xAF5063BcF4eF75cD11F4EE6C573eeF6707a1DD46
nicholas62544022730,0xC15c898fb823EC8a2903Db23CB6a0E017182D21a
schneidercynthia893773135,0x26Ac1E570745D2Ed4Ce20E20555038217Ac09EEd
cruzjulie616694038,0x7F25A85A3434B2eDE2D77e41B77FDf69ffEc8E20
rmedina368532744,0x4b0484457D59643DF9D0Be858527ef7c58F0a01d
gordonjordan583144762,0x6B222CD681821c9c4501E8Ff018E8092232aecbd
cynthiakirk627503619,0xBB424aAE487A3Fc0C5Ca91541342902Cdb50B553
charleshuber851479303,0x1D3E6aCb407cAB7Bda609bB6a1ad0a0195d703f8
prestonpam420006541,0xE4448D2c1a713835a84682Dbef07f6af345a2097
kturner123670954,0xb055DA90D9b75Aa4874C2C20D591d7ab391c92b8
amber76428952267,0xF2caa453f32Bf3181028bFa9b9881a0648cDcD85
johnpatterson967865242,0xF8D86937dD9f1e67cEbE87D4125D289520E8B710
nelsoneric592198399,0x8413C162107ffc093dAEa12A7b7fB1fFcF30C80f
mward750292112,0x2C91DCC74DC6dD2A3fF24377D8963D5d7db26090
brownmaria289068667,0x848e44e181b44909a3daBFfF84e12Ae4aCE4580C
cameronamanda693794834,0x8EfF78De2c9b001EA7B5036CF45B0c3297Db5fBd
waynewall257634605,0xB7b979bD4852eB708107907C98FaCA45509b049a
james03543827930,0x7Cb777C7b94Ca5fe79Fe3Bc6b3CEF9efc3ec51df
nelsoneric635917177,0x37c70F3bE1f7b4F2ba88c261C5AA35AFA9b77467
angelochoa378770850,0x6bAE83B71840Eb61BF05ff67bD1f3bDDa164D87f
jrios34108226,0xebd98e49BDa701f526B15ed40c71F192d4F64983
spencerjoshua810212981,0x7293d01A8B4454f4feE5fc674331DfD7f7184AA8
nicholas62218736441,0xD7133D638845dF7364f5A63c5d4B924B1534D9fC
amanda33723545588,0x28A70e7Ef9758a79801d6d94C5231a9238E74b59
kristin43861454030,0xCFfdD4Dc1B56385149Fe8DC649E2458AA0360E63
kristinablackburn486380446,0xFF751659108aF90AaF659e4B08dEe186770D4636
lisapena514419570,0x7ADd1260624E7977253D1b16F80A076f1CFbe707
wooddavid537528229,0x8d481FFe10BB6365abfdb3688A48f8E89744fcF4
ibrown173103919,0x034eac717A084EC119231A1DF6Aa18bf733B0C23
jennifer39884102027,0xC6C0557168Be190b96AeA0C4c61293C38D7b4bd7
stephanielong729612205,0xAccF60B1BFDA359C4461DAc2ee4a08b1634DDFd2
weaverkayla699073669,0xf5D941E751DF660Be1ff37fed6466425C39BE231
nelsoneric145825166,0xa09D7774657558c64505e05e949f6A899c10A9a3
schneidercynthia717264354,0x5Ea0f3fF401831D9f51C3EEe146E0d879B2D3600
walkercarol834263534,0xBA8dd201e07F1067F1A5eef6Bb144d53d93e314B
lawrencesusan299238634,0x12834717DBc0b82998226aC7a1BE97573902037d
aromero8645986,0x06F6E6587756e1DeEa96A45f6cb6EEA4Af09db78
wrightmark513961049,0x25825ACDa49EfA3c3Ce96f6a9F069fF84287870F
christopherguerrero200178273,0xc79E883CA5C50080c0F2f701196cEdF3E6b6d4b4
wellsjennifer435680795,0x1E9F23cA16e9b9000d88a5CD13bE0662DE89f3Bb
allenweiss310183166,0xc95761E380d1331Cc19c1B28b7D8cD619A2852BB
kaylagriffin26083453,0x0Be4BA2E2E8DEA1Ae8ee0Cc90E549496Fb97FC66
charleshuber873119546,0x8830dCe8FDAa834dA076d4e010Ae2aB00e0DA805
alanford571056705,0xC2c9ac40A77793d50a0871Fb2a0c858c7403B907
smithandrea496011849,0x001d5EbDe59EDac715500DB45B88E62Ec5635744
xfloyd931829649,0xcd33057e021dC56bA9B6bbBDfB92Ae6fe24Cd858
jamesmora364859089,0xc54eD33DE668d8B99922c6ABe89E53a930513976
erikberg496426627,0x8e8A8e06F5718D00fF80A0EE2FB8148cb3B3Cc58
cameronamanda947355953,0x11d7F0b498b76080982bE8Ddc1fd7A5DF8E3d46f
weaverkayla195785686,0xd98922881EEcD02dF2859970A8aBB020a643D4Fb
erikberg486487440,0xc5369F0C1f3b65bd98D55e04b732C6b061c16C3a
jrios264121643,0xd7bB6fA7776718f844a52ea073f514ffC6F6d177
brownmaria924524799,0x3c80E6ee546dA93293B90C5836527E7Af82dc970
stacey14987574524,0x89A94fa8e715212c6c085a374D4A8f6bd924C1F5
kaylagriffin878947623,0x497D796077916686b48195BD2005033F6F1bf022
kristin43861973585,0xc41b0881aEE17A3661411524436913268C644cA4
rollinsaustin233745062,0x10917bEa53EDE055662EFcF86bADd4Db24588E98
amandahernandez876356620,0xE1473773E0696515127076385004694E6F08080c
kristinablackburn102519072,0x570B4d06C825f15049E58bB3973DE5eD30BBaE1B
wellsjennifer391134788,0x0FCac4c54f9FF8ec1D0eB7226694d2A25cA9a6e2
shane09951792634,0x63B5880092a37256764321Fa597E49DAab5E66B7
graybrian640841252,0x0e7911C24eBae92BD85C3faf1877Bd0bdA32e69e
nicholas62480954522,0x0C7585912F1A6E975E9B8cd573eaeC53C43E6740
ann91174688150,0xd654283f17b410B60739D671fDB2a1cfeab6e984
schneidercynthia346830005,0x64fB89862020387493A1dc65f1E93a743e5c5f25
ferrellrichard228429103,0x6BAbAd5de26e97388e47BcCd667D90f63D738481
mward701975073,0x84026d15b6422e749CD88cD3e08F0B38f87d6441
kevin61962074616,0x73F34f57FD35CEa05A4eF598433A841Db8293b0e
reginald77619746372,0xD153EDc836E606fE4aE3CCD6199a4acBbA65DbCA
ibrown703524245,0xaCEcf42d6c244e1a8A31d026B01b381d7147856a
rollinsaustin973286779,0x76aC3a2AEdE2c1a63618C7491f353f508B98be1F
kevin61747642306,0x6e3e1E24E3A510d6CcE79d3E3d02fd8382b15adf
wellsjennifer984487023,0x2946B10273113fA81F0279a17B8435f3428674B8
ibrown498379988,0xE570aA32fBe3e6Ecf34A000b2802ea226c231a54
jbaird388565507,0xd1C39C99B48DA535f60eD53fb47688C89317D143
angelochoa717347819,0x0Ca93BdceA74FCA90bc1F71fCC7c4784Aa8cBBa6
ehiggins350448071,0x8584E30B44a53Bf9B05Cf0dD47AEf088F8c78F23
xmorales375192584,0xD298533c4d0f78d52fb97C536fEdBE4B7A1e2AC0
xfloyd411542106,0xcC725183f38F81E09dcaA730348F492cf20b8719
dmiller497720365,0x390aCE078cb5cC829Ee631189D45eBe9D71BEc28
rmedina393132430,0xC9e6839DD0bdeF0A3132c995A27AD4975eCE1b83
sarah90418058903,0x8B7E8524a7c1359B7182cf9ae110a6214Ff5A815
robinsonvicki475718558,0x34F5CCCeF6e0A7d4ABe7E9C3a85DCFeACE3a5201
cohenjorge278742286,0x86736f7863439cC969Fc8aeb1DCdE9fA12FB8D1e
nicholas62113323884,0x63677315E3Ad665edB9B1Dd361B6Bd466C771c82
stacey1440995974,0x5eFCDdAf4A688AC35a6A7D4feFc939723985dd1d
bryantashley274845067,0x283d19C8da2fD97E8b56E6b993Ae6cd056d3A1D1
amber76865401317,0x8b272054771C6225C98E7ad009D9F5f3d93116dF
wooddavid169872261,0x7dcB8fad2b6BD089FbE2F234B24C80f4085306aa
amber76885626950,0x3907C4a93C5fB0C3Cd37c4f5455Aa6123da908E7
smithjessica218318707,0xE842632ADEB39BdF1031C96F10BDe52AE245514A
brownmaria378829127,0xf7a19D72E28408050672e14740c4fa43775A0eBd
wwest577505893,0x0A9561B37f6055902621bd385c99C692fde9AF94
kristinablackburn599162008,0xc993CBDE9a7380C010577eA8c650d796A40562B6
rollinsaustin111149678,0xFC24aEffE57d3920b9Ceb697838Ca11e44902964
stacey14267308657,0x2BdDf3cEaD3A126715B9F687c0C1321C843deD90
shane09890493052,0xB8b1e193360a9bF8044E1083b76310642dcaffB7
brownmaria623112616,0x8Eb7c6A5FA2f53E510Ed4e90624eb4065b07C789
xfloyd834350590,0x4199121d73943691c1B682327329aF308a8Da6cE
kaylagriffin29635684,0x4Fe4F22e477751113B9397C2446cB03ed71aD8d5
cameronamanda782430266,0xFF661ee9CED46e6e5211705eDca4449881db7b8e
nelsoneric197435568,0x587e794ea3042c24B8B46b91C425fe330EF219DD
turnersheryl289476989,0xE8de0252A4dB5A4D32747AB62C645cBCbb0d9b57
kturner853702585,0x02fC80dafB5CD68bb6D281D35244A3BFB7C9b7b8
michael79939715050,0xE03d013be4600831e0559ee949c84d295713c131
heathermendoza155528995,0x343Dea264630A4B3777661df64C28608Ad376091
nicholas07887676353,0xd5D8ab0b13BB2B4258F72454389DB4d2704DAa00
jlewis78580348,0x5B9B48F222eDFa720A5e4fB86D5f37d841B12DA5
allenedward488888144,0x0051790052a0Cc6013bD37B6D2aE36D5b9A20FF9
ogross117792355,0xc42110A51CA70fdFA642Dc845B04Ed264B724b97
qnguyen934339264,0xAf43CC9675B04dfE083efB9302CB9787BC4F6c40
wilsoncarl924095357,0x5E56f8990E788Ae6Ba3f6944E62D462bDd99E00f
eriknolan934666150,0xfa8310eb2fce321dE9403898b33c89FbE6f311a6
andersonrichard618717170,0x7CD11DCcE46c419b47A54d9DF2dE806554CCd258
pollardshaun989233175,0xe9463e5dA881355911d4706137BAEF5cD0E78620
margaretpatton410585392,0xB0880810D084CF5322e4Ef55f9233383B08217Ee
prichardson727767182,0x2407261db11Ff717d7686A478e0a147E285B740f
michael3712511058,0x0583E796045198e914722BAb8F1b61Bcf507B701
phillipriley67154635,0xe4A3AB63c0778A02e41080Daf6814cB18fbD413D
harry8571819021,0x603B3c6758544B643F745bD94F428325E18715e8
eduncan361319439,0xBf036caa36fa0612297150dEef85469462a785a8
dianehoffman942196129,0x10fA5162030a43032dEA41fa77f10D5303165441
sharonmartin82931012,0x0734248DcD7d64d3311f75e0aba5DAAB0D8D1Ef7
osmith357418543,0x7f34EDd530052010e577B7Ee1BE5845698F51089
adamkelley210753430,0x06479f55A4e802e9e52DF6D62eE3eC21c3B54292
edwardssherri564398606,0x0d00C67c5ab78AB9A96e1379f91548CD0c65E9Ca
