{
  "aggregate": {
    "counters": {
      "vusers.created_by_name.0": 1,
      "vusers.created": 1,
      "http.requests": 5,
      "http.codes.200": 5,
      "http.responses": 5,
      "http.downloaded_bytes": 0,
      "plugins.metrics-by-endpoint./api/v2/auth/initiate-otp.codes.200": 1,
      "plugins.metrics-by-endpoint./api/v2/auth/verify-otp.codes.200": 1,
      "plugins.metrics-by-endpoint./api/v2/did/check.codes.200": 1,
      "plugins.metrics-by-endpoint./api/v2/get-name-recommendation.codes.200": 1,
      "plugins.metrics-by-endpoint./api/v1/did/create.codes.200": 1,
      "vusers.failed": 0,
      "vusers.completed": 1
    },
    "rates": {
      "http.request_rate": 1
    },
    "firstCounterAt": 1722284026048,
    "firstHistogramAt": 1722284029213,
    "lastCounterAt": 1722284107224,
    "lastHistogramAt": 1722284107224,
    "firstMetricAt": 1722284026048,
    "lastMetricAt": 1722284107224,
    "period": 1722284100000,
    "summaries": {
      "http.response_time": {
        "min": 1181,
        "max": 2773,
        "count": 5,
        "mean": 2071.2,
        "p50": 2416.8,
        "median": 2416.8,
        "p75": 2671,
        "p90": 2671,
        "p95": 2671,
        "p99": 2671,
        "p999": 2671
      },
      "plugins.metrics-by-endpoint.response_time./api/v2/auth/initiate-otp": {
        "min": 2693,
        "max": 2693,
        "count": 1,
        "mean": 2693,
        "p50": 2671,
        "median": 2671,
        "p75": 2671,
        "p90": 2671,
        "p95": 2671,
        "p99": 2671,
        "p999": 2671
      },
      "plugins.metrics-by-endpoint.response_time./api/v2/auth/verify-otp": {
        "min": 2773,
        "max": 2773,
        "count": 1,
        "mean": 2773,
        "p50": 2780,
        "median": 2780,
        "p75": 2780,
        "p90": 2780,
        "p95": 2780,
        "p99": 2780,
        "p999": 2780
      },
      "plugins.metrics-by-endpoint.response_time./api/v2/did/check": {
        "min": 1281,
        "max": 1281,
        "count": 1,
        "mean": 1281,
        "p50": 1274.3,
        "median": 1274.3,
        "p75": 1274.3,
        "p90": 1274.3,
        "p95": 1274.3,
        "p99": 1274.3,
        "p999": 1274.3
      },
      "plugins.metrics-by-endpoint.response_time./api/v2/get-name-recommendation": {
        "min": 1181,
        "max": 1181,
        "count": 1,
        "mean": 1181,
        "p50": 1176.4,
        "median": 1176.4,
        "p75": 1176.4,
        "p90": 1176.4,
        "p95": 1176.4,
        "p99": 1176.4,
        "p999": 1176.4
      },
      "plugins.metrics-by-endpoint.response_time./api/v1/did/create": {
        "min": 2428,
        "max": 2428,
        "count": 1,
        "mean": 2428,
        "p50": 2416.8,
        "median": 2416.8,
        "p75": 2416.8,
        "p90": 2416.8,
        "p95": 2416.8,
        "p99": 2416.8,
        "p999": 2416.8
      },
      "vusers.session_length": {
        "min": 81176.4,
        "max": 81176.4,
        "count": 1,
        "mean": 81176.4,
        "p50": 81660.6,
        "median": 81660.6,
        "p75": 81660.6,
        "p90": 81660.6,
        "p95": 81660.6,
        "p99": 81660.6,
        "p999": 81660.6
      }
    },
    "histograms": {
      "http.response_time": {
        "min": 1181,
        "max": 2773,
        "count": 5,
        "mean": 2071.2,
        "p50": 2416.8,
        "median": 2416.8,
        "p75": 2671,
        "p90": 2671,
        "p95": 2671,
        "p99": 2671,
        "p999": 2671
      },
      "plugins.metrics-by-endpoint.response_time./api/v2/auth/initiate-otp": {
        "min": 2693,
        "max": 2693,
        "count": 1,
        "mean": 2693,
        "p50": 2671,
        "median": 2671,
        "p75": 2671,
        "p90": 2671,
        "p95": 2671,
        "p99": 2671,
        "p999": 2671
      },
      "plugins.metrics-by-endpoint.response_time./api/v2/auth/verify-otp": {
        "min": 2773,
        "max": 2773,
        "count": 1,
        "mean": 2773,
        "p50": 2780,
        "median": 2780,
        "p75": 2780,
        "p90": 2780,
        "p95": 2780,
        "p99": 2780,
        "p999": 2780
      },
      "plugins.metrics-by-endpoint.response_time./api/v2/did/check": {
        "min": 1281,
        "max": 1281,
        "count": 1,
        "mean": 1281,
        "p50": 1274.3,
        "median": 1274.3,
        "p75": 1274.3,
        "p90": 1274.3,
        "p95": 1274.3,
        "p99": 1274.3,
        "p999": 1274.3
      },
      "plugins.metrics-by-endpoint.response_time./api/v2/get-name-recommendation": {
        "min": 1181,
        "max": 1181,
        "count": 1,
        "mean": 1181,
        "p50": 1176.4,
        "median": 1176.4,
        "p75": 1176.4,
        "p90": 1176.4,
        "p95": 1176.4,
        "p99": 1176.4,
        "p999": 1176.4
      },
      "plugins.metrics-by-endpoint.response_time./api/v1/did/create": {
        "min": 2428,
        "max": 2428,
        "count": 1,
        "mean": 2428,
        "p50": 2416.8,
        "median": 2416.8,
        "p75": 2416.8,
        "p90": 2416.8,
        "p95": 2416.8,
        "p99": 2416.8,
        "p999": 2416.8
      },
      "vusers.session_length": {
        "min": 81176.4,
        "max": 81176.4,
        "count": 1,
        "mean": 81176.4,
        "p50": 81660.6,
        "median": 81660.6,
        "p75": 81660.6,
        "p90": 81660.6,
        "p95": 81660.6,
        "p99": 81660.6,
        "p999": 81660.6
      }
    }
  },
  "intermediate": [
    {
      "counters": {
        "vusers.created_by_name.0": 1,
        "vusers.created": 1,
        "http.requests": 1,
        "http.codes.200": 1,
        "http.responses": 1,
        "http.downloaded_bytes": 46,
        "plugins.metrics-by-endpoint./api/v2/auth/initiate-otp.codes.200": 1
      },
      "rates": {
        "http.request_rate": 1
      },
      "http.request_rate": null,
      "firstCounterAt": 1722284026048,
      "firstHistogramAt": 1722284029213,
      "lastCounterAt": 1722284029218,
      "lastHistogramAt": 1722284029218,
      "firstMetricAt": 1722284026048,
      "lastMetricAt": 1722284029218,
      "period": "1722284020000",
      "summaries": {
        "http.response_time": {
          "min": 2693,
          "max": 2693,
          "count": 1,
          "mean": 2693,
          "p50": 2671,
          "median": 2671,
          "p75": 2671,
          "p90": 2671,
          "p95": 2671,
          "p99": 2671,
          "p999": 2671
        },
        "plugins.metrics-by-endpoint.response_time./api/v2/auth/initiate-otp": {
          "min": 2693,
          "max": 2693,
          "count": 1,
          "mean": 2693,
          "p50": 2671,
          "median": 2671,
          "p75": 2671,
          "p90": 2671,
          "p95": 2671,
          "p99": 2671,
          "p999": 2671
        }
      },
      "histograms": {
        "http.response_time": {
          "min": 2693,
          "max": 2693,
          "count": 1,
          "mean": 2693,
          "p50": 2671,
          "median": 2671,
          "p75": 2671,
          "p90": 2671,
          "p95": 2671,
          "p99": 2671,
          "p999": 2671
        },
        "plugins.metrics-by-endpoint.response_time./api/v2/auth/initiate-otp": {
          "min": 2693,
          "max": 2693,
          "count": 1,
          "mean": 2693,
          "p50": 2671,
          "median": 2671,
          "p75": 2671,
          "p90": 2671,
          "p95": 2671,
          "p99": 2671,
          "p999": 2671
        }
      }
    },
    {
      "counters": {
        "http.requests": 1
      },
      "rates": {
        "http.request_rate": 1
      },
      "http.request_rate": null,
      "firstCounterAt": 1722284039253,
      "lastCounterAt": 1722284039253,
      "firstMetricAt": 1722284039253,
      "lastMetricAt": 1722284039253,
      "period": "1722284030000",
      "summaries": {},
      "histograms": {}
    },
    {
      "counters": {
        "http.codes.200": 1,
        "http.responses": 1,
        "plugins.metrics-by-endpoint./api/v2/auth/verify-otp.codes.200": 1
      },
      "rates": {},
      "firstCounterAt": 1722284042180,
      "firstHistogramAt": 1722284042180,
      "lastCounterAt": 1722284042189,
      "lastHistogramAt": 1722284042189,
      "firstMetricAt": 1722284042180,
      "lastMetricAt": 1722284042189,
      "period": "1722284040000",
      "summaries": {
        "http.response_time": {
          "min": 2773,
          "max": 2773,
          "count": 1,
          "mean": 2773,
          "p50": 2780,
          "median": 2780,
          "p75": 2780,
          "p90": 2780,
          "p95": 2780,
          "p99": 2780,
          "p999": 2780
        },
        "plugins.metrics-by-endpoint.response_time./api/v2/auth/verify-otp": {
          "min": 2773,
          "max": 2773,
          "count": 1,
          "mean": 2773,
          "p50": 2780,
          "median": 2780,
          "p75": 2780,
          "p90": 2780,
          "p95": 2780,
          "p99": 2780,
          "p999": 2780
        }
      },
      "histograms": {
        "http.response_time": {
          "min": 2773,
          "max": 2773,
          "count": 1,
          "mean": 2773,
          "p50": 2780,
          "median": 2780,
          "p75": 2780,
          "p90": 2780,
          "p95": 2780,
          "p99": 2780,
          "p999": 2780
        },
        "plugins.metrics-by-endpoint.response_time./api/v2/auth/verify-otp": {
          "min": 2773,
          "max": 2773,
          "count": 1,
          "mean": 2773,
          "p50": 2780,
          "median": 2780,
          "p75": 2780,
          "p90": 2780,
          "p95": 2780,
          "p99": 2780,
          "p999": 2780
        }
      }
    },
    {
      "counters": {
        "http.requests": 1,
        "http.codes.200": 1,
        "http.responses": 1,
        "plugins.metrics-by-endpoint./api/v2/did/check.codes.200": 1
      },
      "rates": {
        "http.request_rate": 1
      },
      "http.request_rate": null,
      "firstCounterAt": 1722284052220,
      "firstHistogramAt": 1722284053634,
      "lastCounterAt": 1722284053638,
      "lastHistogramAt": 1722284053638,
      "firstMetricAt": 1722284052220,
      "lastMetricAt": 1722284053638,
      "period": "1722284050000",
      "summaries": {
        "http.response_time": {
          "min": 1281,
          "max": 1281,
          "count": 1,
          "mean": 1281,
          "p50": 1274.3,
          "median": 1274.3,
          "p75": 1274.3,
          "p90": 1274.3,
          "p95": 1274.3,
          "p99": 1274.3,
          "p999": 1274.3
        },
        "plugins.metrics-by-endpoint.response_time./api/v2/did/check": {
          "min": 1281,
          "max": 1281,
          "count": 1,
          "mean": 1281,
          "p50": 1274.3,
          "median": 1274.3,
          "p75": 1274.3,
          "p90": 1274.3,
          "p95": 1274.3,
          "p99": 1274.3,
          "p999": 1274.3
        }
      },
      "histograms": {
        "http.response_time": {
          "min": 1281,
          "max": 1281,
          "count": 1,
          "mean": 1281,
          "p50": 1274.3,
          "median": 1274.3,
          "p75": 1274.3,
          "p90": 1274.3,
          "p95": 1274.3,
          "p99": 1274.3,
          "p999": 1274.3
        },
        "plugins.metrics-by-endpoint.response_time./api/v2/did/check": {
          "min": 1281,
          "max": 1281,
          "count": 1,
          "mean": 1281,
          "p50": 1274.3,
          "median": 1274.3,
          "p75": 1274.3,
          "p90": 1274.3,
          "p95": 1274.3,
          "p99": 1274.3,
          "p999": 1274.3
        }
      }
    },
    {
      "counters": {
        "http.requests": 1,
        "http.codes.200": 1,
        "http.responses": 1,
        "plugins.metrics-by-endpoint./api/v2/get-name-recommendation.codes.200": 1
      },
      "rates": {
        "http.request_rate": 1
      },
      "http.request_rate": null,
      "firstCounterAt": 1722284063660,
      "firstHistogramAt": 1722284064961,
      "lastCounterAt": 1722284064963,
      "lastHistogramAt": 1722284064963,
      "firstMetricAt": 1722284063660,
      "lastMetricAt": 1722284064963,
      "period": "1722284060000",
      "summaries": {
        "http.response_time": {
          "min": 1181,
          "max": 1181,
          "count": 1,
          "mean": 1181,
          "p50": 1176.4,
          "median": 1176.4,
          "p75": 1176.4,
          "p90": 1176.4,
          "p95": 1176.4,
          "p99": 1176.4,
          "p999": 1176.4
        },
        "plugins.metrics-by-endpoint.response_time./api/v2/get-name-recommendation": {
          "min": 1181,
          "max": 1181,
          "count": 1,
          "mean": 1181,
          "p50": 1176.4,
          "median": 1176.4,
          "p75": 1176.4,
          "p90": 1176.4,
          "p95": 1176.4,
          "p99": 1176.4,
          "p999": 1176.4
        }
      },
      "histograms": {
        "http.response_time": {
          "min": 1181,
          "max": 1181,
          "count": 1,
          "mean": 1181,
          "p50": 1176.4,
          "median": 1176.4,
          "p75": 1176.4,
          "p90": 1176.4,
          "p95": 1176.4,
          "p99": 1176.4,
          "p999": 1176.4
        },
        "plugins.metrics-by-endpoint.response_time./api/v2/get-name-recommendation": {
          "min": 1181,
          "max": 1181,
          "count": 1,
          "mean": 1181,
          "p50": 1176.4,
          "median": 1176.4,
          "p75": 1176.4,
          "p90": 1176.4,
          "p95": 1176.4,
          "p99": 1176.4,
          "p999": 1176.4
        }
      }
    },
    {
      "counters": {
        "http.requests": 1,
        "http.codes.200": 1,
        "http.responses": 1,
        "http.downloaded_bytes": 0,
        "plugins.metrics-by-endpoint./api/v1/did/create.codes.200": 1,
        "vusers.failed": 0,
        "vusers.completed": 1
      },
      "rates": {
        "http.request_rate": 1
      },
      "http.request_rate": null,
      "firstCounterAt": 1722284104691,
      "firstHistogramAt": 1722284107221,
      "lastCounterAt": 1722284107224,
      "lastHistogramAt": 1722284107224,
      "firstMetricAt": 1722284104691,
      "lastMetricAt": 1722284107224,
      "period": "1722284100000",
      "summaries": {
        "http.response_time": {
          "min": 2428,
          "max": 2428,
          "count": 1,
          "mean": 2428,
          "p50": 2416.8,
          "median": 2416.8,
          "p75": 2416.8,
          "p90": 2416.8,
          "p95": 2416.8,
          "p99": 2416.8,
          "p999": 2416.8
        },
        "plugins.metrics-by-endpoint.response_time./api/v1/did/create": {
          "min": 2428,
          "max": 2428,
          "count": 1,
          "mean": 2428,
          "p50": 2416.8,
          "median": 2416.8,
          "p75": 2416.8,
          "p90": 2416.8,
          "p95": 2416.8,
          "p99": 2416.8,
          "p999": 2416.8
        },
        "vusers.session_length": {
          "min": 81176.4,
          "max": 81176.4,
          "count": 1,
          "mean": 81176.4,
          "p50": 81660.6,
          "median": 81660.6,
          "p75": 81660.6,
          "p90": 81660.6,
          "p95": 81660.6,
          "p99": 81660.6,
          "p999": 81660.6
        }
      },
      "histograms": {
        "http.response_time": {
          "min": 2428,
          "max": 2428,
          "count": 1,
          "mean": 2428,
          "p50": 2416.8,
          "median": 2416.8,
          "p75": 2416.8,
          "p90": 2416.8,
          "p95": 2416.8,
          "p99": 2416.8,
          "p999": 2416.8
        },
        "plugins.metrics-by-endpoint.response_time./api/v1/did/create": {
          "min": 2428,
          "max": 2428,
          "count": 1,
          "mean": 2428,
          "p50": 2416.8,
          "median": 2416.8,
          "p75": 2416.8,
          "p90": 2416.8,
          "p95": 2416.8,
          "p99": 2416.8,
          "p999": 2416.8
        },
        "vusers.session_length": {
          "min": 81176.4,
          "max": 81176.4,
          "count": 1,
          "mean": 81176.4,
          "p50": 81660.6,
          "median": 81660.6,
          "p75": 81660.6,
          "p90": 81660.6,
          "p95": 81660.6,
          "p99": 81660.6,
          "p999": 81660.6
        }
      }
    }
  ]
}